Transaction,Type,Input Currency,Input Amount,Output Currency,Output Amount,USD Equivalent,Fee,Fee Currency,Details,Date / Time (UTC)
NXT3sH0DNg590CknRQ1TvTFnx,Withdrawal,BTC,-0.00644377,BTC,0.00624933,$618.60,0.00019444,BTC,"approved / BTC withdrawal",2024-12-03 03:14:25
NXT6pEZMNTRPJxcyUlOYq1qtO,Withdrawal,BTC,-0.00218772,BTC,0.00200000,$214.71,0.00018772,BTC,"rejected / BTC withdrawal",2024-11-21 18:42:54
NXT56IoJX0fzgesEJZZL8rmJs,Withdrawal,BTC,-0.00671096,BTC,0.00652854,$401.34,0.00018241,BTC,"approved / BTC withdrawal",2024-09-18 20:22:37
NXT1pbRlepAExfcvm0vq59XOO,Withdrawal,BTC,-0.02000000,BTC,0.01981581,$1100.57,0.00018418,BTC,"approved / BTC withdrawal",2024-08-07 20:47:07
NXT4ohFcuz0Q8yF2olx0ahtoO,Interest,BTC,0.00000316,BTC,0.00000316,$0.09,-,-,"approved / BTC Interest Earned",2023-04-01 05:00:15
NXT7gBeC2YtSAQ1Ph6i9Lm7oj,Interest,BTC,0.00000316,BTC,0.00000316,$0.08,-,-,"approved / BTC Interest Earned",2023-03-31 05:00:15
NXT1aKQG9bJHvLLqZOv3welHb,Interest,BTC,0.00000316,BTC,0.00000316,$0.09,-,-,"approved / BTC Interest Earned",2023-03-30 05:00:16
NXTTJlFlzdiDEFT4sEzBb5Wb,Interest,BTC,0.00000316,BTC,0.00000316,$0.08,-,-,"approved / BTC Interest Earned",2023-03-29 05:00:15
NXT1Y6cIdD9f2aWb4mrhNkeMj,Interest,BTC,0.00000316,BTC,0.00000316,$0.08,-,-,"approved / BTC Interest Earned",2023-03-28 05:00:21
NXT3DzaGXBNgN8xKgpi1CImvg,Interest,BTC,0.00000316,BTC,0.00000316,$0.08,-,-,"approved / BTC Interest Earned",2023-03-27 05:00:15
NXT4GiIop8C4QQHGX3IcRRPCW,Interest,BTC,0.00000316,BTC,0.00000316,$0.08,-,-,"approved / BTC Interest Earned",2023-03-26 05:00:14
NXT5a04F4HhwkwC9NfR9taYud,Interest,BTC,0.00000316,BTC,0.00000316,$0.08,-,-,"approved / BTC Interest Earned",2023-03-25 06:00:15
NXTpCkkzAD0a6RRbmSG7tCI0,Interest,BTC,0.00000316,BTC,0.00000316,$0.08,-,-,"approved / BTC Interest Earned",2023-03-24 06:00:15
NXT2LMaogjhaLFO6C9W4GgisW,Interest,BTC,0.00000316,BTC,0.00000316,$0.08,-,-,"approved / BTC Interest Earned",2023-03-23 06:00:15
NXT7eRO3ibSdBTNhiJaBAjXk0,Interest,BTC,0.00000316,BTC,0.00000316,$0.08,-,-,"approved / BTC Interest Earned",2023-03-22 06:00:17
NXT4O5ef08GJwgfo8eCmlqs42,Interest,BTC,0.00000316,BTC,0.00000316,$0.08,-,-,"approved / BTC Interest Earned",2023-03-21 06:00:15
NXT3JazoD2i643OlhxwJs9Ban,Interest,BTC,0.00000316,BTC,0.00000316,$0.08,-,-,"approved / BTC Interest Earned",2023-03-20 06:00:15
NXT3xYZTTD7sB6KfG5eUvKRMu,Interest,BTC,0.00000316,BTC,0.00000316,$0.08,-,-,"approved / BTC Interest Earned",2023-03-19 06:00:15
NXThFctXUf4WkbxR2W55wQrc,Interest,BTC,0.00000316,BTC,0.00000316,$0.08,-,-,"approved / BTC Interest Earned",2023-03-18 06:00:16
NXT43V17XC0MglrMeNUFeqWNt,Interest,BTC,0.00000316,BTC,0.00000316,$0.08,-,-,"approved / BTC Interest Earned",2023-03-17 06:00:15
NXT1zjJNucLjSFjQmBBMuKrxs,Interest,BTC,0.00000316,BTC,0.00000316,$0.07,-,-,"approved / BTC Interest Earned",2023-03-16 06:00:16
NXTx7Xm9xVk61OFikODW4rmd,Interest,BTC,0.00000316,BTC,0.00000316,$0.07,-,-,"approved / BTC Interest Earned",2023-03-15 06:00:16
NXT1LyPLrQ3ME56AHK3aAuXT9,Interest,BTC,0.00000316,BTC,0.00000316,$0.07,-,-,"approved / BTC Interest Earned",2023-03-14 06:00:10
NXT1mCpBDg0PeUmJmC1aencyQ,Interest,BTC,0.00000316,BTC,0.00000316,$0.07,-,-,"approved / BTC Interest Earned",2023-03-13 06:00:10
NXT5dySnbie6ut5dhexSUVfPT,Interest,BTC,0.00000316,BTC,0.00000316,$0.06,-,-,"approved / BTC Interest Earned",2023-03-12 06:00:09
NXT6Y6in8mPKJs1pyupdSSU03,Interest,BTC,0.00000316,BTC,0.00000316,$0.06,-,-,"approved / BTC Interest Earned",2023-03-11 06:00:10
NXT2mNJIG0NqqYkjygL4PFNZb,Interest,BTC,0.00000316,BTC,0.00000316,$0.06,-,-,"approved / BTC Interest Earned",2023-03-10 06:00:09
NXT6tUvOBEZxboJNWuwL5zyaF,Interest,BTC,0.00000316,BTC,0.00000316,$0.06,-,-,"approved / BTC Interest Earned",2023-03-09 06:00:10
NXT4QZKkbjkOKeWzVesIvGlo,Interest,BTC,0.00000316,BTC,0.00000316,$0.06,-,-,"approved / BTC Interest Earned",2023-03-08 06:00:10
NXT74SVx0kAeefJILkvDzD8I7,Interest,BTC,0.00000316,BTC,0.00000316,$0.07,-,-,"approved / BTC Interest Earned",2023-03-07 06:00:10
NXTe3r3fIcxMrAYbjtFoXeq6,Interest,BTC,0.00000316,BTC,0.00000316,$0.07,-,-,"approved / BTC Interest Earned",2023-03-06 06:00:09
NXT1J7GnuFeT58DdCGDRPOxB4,Interest,BTC,0.00000316,BTC,0.00000316,$0.07,-,-,"approved / BTC Interest Earned",2023-03-05 06:00:10
NXT6yhVnXRrExXuKNPApsqW8n,Interest,BTC,0.00000316,BTC,0.00000316,$0.07,-,-,"approved / BTC Interest Earned",2023-03-04 06:00:09
NXT6zhjp4iZIVbcCYQL1Nxtsa,Interest,BTC,0.00000316,BTC,0.00000316,$0.07,-,-,"approved / BTC Interest Earned",2023-03-03 06:00:10
NXT3hpcdE0x0gp9BuwstUni8G,Interest,BTC,0.00000316,BTC,0.00000316,$0.07,-,-,"approved / BTC Interest Earned",2023-03-02 06:00:10
NXT3Khz3RGV8BE7N3gxjaDOFF,Interest,BTC,0.00000316,BTC,0.00000316,$0.07,-,-,"approved / BTC Interest Earned",2023-03-01 06:00:10
NXT7Aeu2VzAG0Q4qkd1s0KW0G,Interest,BTC,0.00000316,BTC,0.00000316,$0.07,-,-,"approved / BTC Interest Earned",2023-02-28 06:00:09
NXT56VBWf01yI9uZEJ8mUn7H5,Interest,BTC,0.00000316,BTC,0.00000316,$0.07,-,-,"approved / BTC Interest Earned",2023-02-27 06:00:10
NXT6wyfJnmZAJC1ELfKU1KRT5,Interest,BTC,0.00000316,BTC,0.00000316,$0.07,-,-,"approved / BTC Interest Earned",2023-02-26 06:00:10
NXT39GNR7PLPk4UepqhbdnQxO,Interest,BTC,0.00000316,BTC,0.00000316,$0.07,-,-,"approved / BTC Interest Earned",2023-02-25 06:00:10
NXT5z4nfLSYdJG4PIWveyCLQm,Interest,BTC,0.00000316,BTC,0.00000316,$0.07,-,-,"approved / BTC Interest Earned",2023-02-24 06:00:10
NXT1m7pqCqn1YNmGJF4Czs3QK,Interest,BTC,0.00000315,BTC,0.00000315,$0.07,-,-,"approved / BTC Interest Earned",2023-02-23 06:00:10
NXT6RI4DT1Gd6KobECYR5Xdcp,Interest,BTC,0.00000315,BTC,0.00000315,$0.07,-,-,"approved / BTC Interest Earned",2023-02-22 06:00:10
NXT66Re8DUthQUBiCdpUADA1V,Interest,BTC,0.00000315,BTC,0.00000315,$0.07,-,-,"approved / BTC Interest Earned",2023-02-21 06:00:10
NXT68JwWGbKXTjmuPv4v0LjA9,Interest,BTC,0.00000315,BTC,0.00000315,$0.07,-,-,"approved / BTC Interest Earned",2023-02-20 06:00:10
NXT7lRoypE4xUbhBksqEMNhA3,Interest,BTC,0.00000315,BTC,0.00000315,$0.07,-,-,"approved / BTC Interest Earned",2023-02-19 06:00:09
NXT4roTRo8YxO69CLsO6lnX9O,Interest,BTC,0.00000315,BTC,0.00000315,$0.07,-,-,"approved / BTC Interest Earned",2023-02-18 06:00:10
NXT79mmgi02WbTK0xVsy9Hy2q,Interest,BTC,0.00000315,BTC,0.00000315,$0.07,-,-,"approved / BTC Interest Earned",2023-02-17 06:00:09
NXT3k22eaUnHjfUR79RzDgHL6,Interest,BTC,0.00000315,BTC,0.00000315,$0.07,-,-,"approved / BTC Interest Earned",2023-02-16 06:00:10
NXT4qeB9A8MIISUrSTEskaHfs,Interest,BTC,0.00000315,BTC,0.00000315,$0.06,-,-,"approved / BTC Interest Earned",2023-02-15 06:00:10
NXT3YPy3frttTOzYZVGzf5BNW,Interest,BTC,0.00000315,BTC,0.00000315,$0.06,-,-,"approved / BTC Interest Earned",2023-02-14 06:00:09
NXT6wJv1YFV9Y7NAnsFZlkwBN,Interest,BTC,0.00000315,BTC,0.00000315,$0.06,-,-,"approved / BTC Interest Earned",2023-02-13 06:00:08
NXT5CTgwqIz4TThlKLuCxgyZR,Interest,BTC,0.00000315,BTC,0.00000315,$0.06,-,-,"approved / BTC Interest Earned",2023-02-12 06:00:10
NXT2vuUTC95c7KuExiZ6xH5Hk,Interest,BTC,0.00000315,BTC,0.00000315,$0.06,-,-,"approved / BTC Interest Earned",2023-02-11 06:00:16
NXT6eAO3jjKOegmwucOQp8Uy8,Interest,BTC,0.00000315,BTC,0.00000315,$0.06,-,-,"approved / BTC Interest Earned",2023-02-10 06:00:16
NXTHcVIYSqqzOaWCchLQ2TTT,Interest,BTC,0.00000315,BTC,0.00000315,$0.07,-,-,"approved / BTC Interest Earned",2023-02-09 06:00:16
NXTWekIZU0QhRDiisD7kxA2,Interest,BTC,0.00000315,BTC,0.00000315,$0.07,-,-,"approved / BTC Interest Earned",2023-02-08 06:00:16
NXT5ncjholG8axC93t3btJ2iQ,Interest,BTC,0.00000315,BTC,0.00000315,$0.07,-,-,"approved / BTC Interest Earned",2023-02-07 06:00:16
NXT64B7L0AVSDLpgh9mpskhzg,Interest,BTC,0.00000315,BTC,0.00000315,$0.07,-,-,"approved / BTC Interest Earned",2023-02-06 06:00:15
NXTPyFwsaQwx3cZcP37fI7k0,Interest,BTC,0.00000315,BTC,0.00000315,$0.07,-,-,"approved / BTC Interest Earned",2023-02-05 06:00:15
NXT1ipUvnbqw1c0CNFtAfbQ2q,Interest,BTC,0.00000315,BTC,0.00000315,$0.07,-,-,"approved / BTC Interest Earned",2023-02-04 06:00:17
NXT440ha5RFBMPDB65muAhtwY,Interest,BTC,0.00000315,BTC,0.00000315,$0.07,-,-,"approved / BTC Interest Earned",2023-02-03 06:00:17
NXT54G1bSJLPnsBvaSgEPoUce,Interest,BTC,0.00000315,BTC,0.00000315,$0.07,-,-,"approved / BTC Interest Earned",2023-02-02 06:00:18
NXT1Zb5IbIgF2mSmlIG5hyKjq,Interest,BTC,0.00000315,BTC,0.00000315,$0.07,-,-,"approved / BTC Interest Earned",2023-02-01 06:00:17
NXT2MhqB6L9nfKxk5I5WjymYO,Interest,BTC,0.00000315,BTC,0.00000315,$0.07,-,-,"approved / BTC Interest Earned",2023-01-31 06:00:17
NXT7cvNZMc59CdKkBgIV7WsrA,Interest,BTC,0.00000315,BTC,0.00000315,$0.07,-,-,"approved / BTC Interest Earned",2023-01-30 06:00:17
NXT6s7VVNoNUhcneDnh1IpJf2,Interest,BTC,0.00000315,BTC,0.00000315,$0.07,-,-,"approved / BTC Interest Earned",2023-01-29 06:00:17
NXT5jP2oosqSW2Zb9u2ObbouF,Interest,BTC,0.00000315,BTC,0.00000315,$0.07,-,-,"approved / BTC Interest Earned",2023-01-28 06:00:17
NXT3afLWZyFDgYTlpMM5zzNZA,Interest,BTC,0.00000315,BTC,0.00000315,$0.07,-,-,"approved / BTC Interest Earned",2023-01-27 06:00:17
NXT6yDZqEFRhfIV3b2HJ1SQNv,Interest,BTC,0.00000315,BTC,0.00000315,$0.07,-,-,"approved / BTC Interest Earned",2023-01-26 06:00:18
NXT2nUzSCrwB2LMKst5LGetVn,Interest,BTC,0.00000315,BTC,0.00000315,$0.07,-,-,"approved / BTC Interest Earned",2023-01-25 06:00:16
NXT4djh0hLDjqkjstoAbE1msZ,Interest,BTC,0.00000315,BTC,0.00000315,$0.07,-,-,"approved / BTC Interest Earned",2023-01-24 06:00:18
NXT6NyJ2HT2Hr5O3iwWCS5vSu,Interest,BTC,0.00000315,BTC,0.00000315,$0.07,-,-,"approved / BTC Interest Earned",2023-01-23 06:00:18
NXT8qcUcQq12cLtrYe0BDd48,Interest,BTC,0.00000315,BTC,0.00000315,$0.07,-,-,"approved / BTC Interest Earned",2023-01-22 06:00:17
NXT4nUQeczoSWt9D0rHpGRJEH,Interest,BTC,0.00000315,BTC,0.00000315,$0.07,-,-,"approved / BTC Interest Earned",2023-01-21 06:00:17
NXTT0wNn5OSKe6P5EZ4RI6hO,Interest,BTC,0.00000315,BTC,0.00000315,$0.06,-,-,"approved / BTC Interest Earned",2023-01-20 06:00:18
NXT19cD8NCkKVMDwjGHRLb6lu,Interest,BTC,0.00000315,BTC,0.00000315,$0.06,-,-,"approved / BTC Interest Earned",2023-01-19 06:00:16
NXT40vg17TR4hxxUbiTOWEJ17,Interest,BTC,0.00000315,BTC,0.00000315,$0.06,-,-,"approved / BTC Interest Earned",2023-01-18 06:00:16
NXTeuaCc5o2QQLolvaEvsGLh,Interest,BTC,0.00000315,BTC,0.00000315,$0.06,-,-,"approved / BTC Interest Earned",2023-01-17 06:00:16
NXT7KBpDYwxF8kDhJ0UJtSGfJ,Interest,BTC,0.00000315,BTC,0.00000315,$0.06,-,-,"approved / BTC Interest Earned",2023-01-16 06:00:18
NXT7UeWGWUJyZJqjU1tbPGDGF,Interest,BTC,0.00000314,BTC,0.00000314,$0.06,-,-,"approved / BTC Interest Earned",2023-01-15 06:00:17
NXT3LOVSA4NDUbjcPGjYW92Oy,Interest,BTC,0.00000314,BTC,0.00000314,$0.06,-,-,"approved / BTC Interest Earned",2023-01-14 06:00:17
NXT2SH49T44HkwlL5qWaGZd5d,Interest,BTC,0.00000314,BTC,0.00000314,$0.05,-,-,"approved / BTC Interest Earned",2023-01-13 06:00:17
NXT6IimBerEE1wcNgc2A5MgQX,Interest,BTC,0.00000314,BTC,0.00000314,$0.05,-,-,"approved / BTC Interest Earned",2023-01-12 06:00:17
NXT5DUQDGHNwkO2AvdvGGA4gS,Interest,BTC,0.00000314,BTC,0.00000314,$0.05,-,-,"approved / BTC Interest Earned",2023-01-11 06:00:15
NXT16HDQEqhOwjyOKsBCUAsKV,Interest,BTC,0.00000314,BTC,0.00000314,$0.05,-,-,"approved / BTC Interest Earned",2023-01-10 06:00:16
NXT5PZ7OItarYJFjIFXGgmUrL,Interest,BTC,0.00000314,BTC,0.00000314,$0.05,-,-,"approved / BTC Interest Earned",2023-01-09 06:00:15
NXT15V0to32jdQWsKe2u29LaL,Interest,BTC,0.00000314,BTC,0.00000314,$0.05,-,-,"approved / BTC Interest Earned",2023-01-08 06:00:15
NXT6O5uFK49gYT2OuOLefKgao,Interest,BTC,0.00000314,BTC,0.00000314,$0.05,-,-,"approved / BTC Interest Earned",2023-01-07 06:00:16
NXT6rZMogLOi5jprhH2DRzImh,Interest,BTC,0.00000314,BTC,0.00000314,$0.05,-,-,"approved / BTC Interest Earned",2023-01-06 06:00:15
NXT11WUZzRrTPdS8McfrwYqk9,Interest,BTC,0.00000314,BTC,0.00000314,$0.05,-,-,"approved / BTC Interest Earned",2023-01-05 06:00:17
NXT6t8UcG8MbW8hzwTKFgV3WC,Interest,BTC,0.00000314,BTC,0.00000314,$0.05,-,-,"approved / BTC Interest Earned",2023-01-04 06:00:18
NXT5R3sXDBoPq1YFGZajn8LHD,Interest,BTC,0.00000314,BTC,0.00000314,$0.05,-,-,"approved / BTC Interest Earned",2023-01-03 06:00:16
NXT2VGgCxvKr6tsSzQBCasAdS,Interest,BTC,0.00000314,BTC,0.00000314,$0.05,-,-,"approved / BTC Interest Earned",2023-01-02 06:00:16
NXTwIWLUx9YuLPMdVFvssan8,Interest,BTC,0.00000314,BTC,0.00000314,$0.05,-,-,"approved / BTC Interest Earned",2023-01-01 06:00:16
NXT1gYv4278VYvlUmKZC4C6zp,Interest,BTC,0.00000314,BTC,0.00000314,$0.05,-,-,"approved / BTC Interest Earned",2022-12-31 06:00:16
NXTsqIunc3e4DHgdUKEmkXRn,Interest,BTC,0.00000314,BTC,0.00000314,$0.05,-,-,"approved / BTC Interest Earned",2022-12-30 06:00:16
NXT6vUe91Xxm2A4bgRgclsQYt,Interest,BTC,0.00000314,BTC,0.00000314,$0.05,-,-,"approved / BTC Interest Earned",2022-12-29 06:00:15
NXTnqvTL8ZMANttzAGd71Mdp,Interest,BTC,0.00000314,BTC,0.00000314,$0.05,-,-,"approved / BTC Interest Earned",2022-12-28 06:00:16
NXT4BQZfe65fsaSdQSv4aTJc9,Interest,BTC,0.00000314,BTC,0.00000314,$0.05,-,-,"approved / BTC Interest Earned",2022-12-27 06:00:15
NXT7eBMMuk3UYDBCHXlo7wtFD,Interest,BTC,0.00000314,BTC,0.00000314,$0.05,-,-,"approved / BTC Interest Earned",2022-12-26 06:00:15
NXT2kQmTKyckuLkAMoP6kaTzj,Interest,BTC,0.00000314,BTC,0.00000314,$0.05,-,-,"approved / BTC Interest Earned",2022-12-25 06:00:15
NXT6NRxprL02robztgtxmBXxF,Interest,BTC,0.00000314,BTC,0.00000314,$0.05,-,-,"approved / BTC Interest Earned",2022-12-24 06:00:16
NXT4056sLnuHQEKsmHV2BZh12,Interest,BTC,0.00000314,BTC,0.00000314,$0.05,-,-,"approved / BTC Interest Earned",2022-12-23 06:00:14
NXTJ5S5CfX7ks91bif3H6wX2,Interest,BTC,0.00000314,BTC,0.00000314,$0.05,-,-,"approved / BTC Interest Earned",2022-12-22 06:00:16
NXT46UOCDr6tmp7rIu608OHp1,Interest,BTC,0.00000314,BTC,0.00000314,$0.05,-,-,"approved / BTC Interest Earned",2022-12-21 06:00:15
NXT1pfcnr4oNBqrXijbzFXHZv,Interest,BTC,0.00000314,BTC,0.00000314,$0.05,-,-,"approved / BTC Interest Earned",2022-12-20 06:00:14
NXT6WWdOIedZ3gsCzxjNbvCEq,Interest,BTC,0.00000314,BTC,0.00000314,$0.05,-,-,"approved / BTC Interest Earned",2022-12-19 06:00:15
NXT6k52c6p9p8lexEoYohA1Vc,Interest,BTC,0.00000314,BTC,0.00000314,$0.05,-,-,"approved / BTC Interest Earned",2022-12-18 06:00:13
NXT4yGEgqSUEAoU9ZBs0vwf15,Interest,BTC,0.00000314,BTC,0.00000314,$0.05,-,-,"approved / BTC Interest Earned",2022-12-17 06:00:13
NXT76KopAf8PhDMEBSbHIfhCT,Interest,BTC,0.00000314,BTC,0.00000314,$0.05,-,-,"approved / BTC Interest Earned",2022-12-16 06:00:13
NXT3u9vMSySKk1gpd7IT3DOIa,Interest,BTC,0.00000314,BTC,0.00000314,$0.05,-,-,"approved / BTC Interest Earned",2022-12-15 06:00:15
NXT49V8owqe1J2gq4FAEVlBr0,Interest,BTC,0.00000314,BTC,0.00000314,$0.05,-,-,"approved / BTC Interest Earned",2022-12-14 06:00:13
NXT4UGNIFKntx6zFCg6Z7qHz5,Interest,BTC,0.00000314,BTC,0.00000314,$0.05,-,-,"approved / BTC Interest Earned",2022-12-13 06:00:13
NXT7kYbIQ6A7XxEOe204HUIci,Interest,BTC,0.00000314,BTC,0.00000314,$0.05,-,-,"approved / BTC Interest Earned",2022-12-12 06:00:13
NXT1xkSNthw7ywmnBcZf8iG61,Interest,BTC,0.00000314,BTC,0.00000314,$0.05,-,-,"approved / BTC Interest Earned",2022-12-11 06:00:12
NXTtLgU7ijrxMHhDnAj8reO6,Interest,BTC,0.00000314,BTC,0.00000314,$0.05,-,-,"approved / BTC Interest Earned",2022-12-10 06:00:12
NXTzfjqLux7IpJqgl35A6lx5,Interest,BTC,0.00000314,BTC,0.00000314,$0.05,-,-,"approved / BTC Interest Earned",2022-12-09 06:00:10
NXT1TngTI64xvHB23fOrvCYXF,Interest,BTC,0.00000314,BTC,0.00000314,$0.05,-,-,"approved / BTC Interest Earned",2022-12-08 06:00:10
NXTsEHMNkof9uIjlAJ5dQiRW,Interest,BTC,0.00000313,BTC,0.00000313,$0.05,-,-,"approved / BTC Interest Earned",2022-12-07 06:00:09
NXT7Q53Q8XsZx0pk0YTQa4YUC,Interest,BTC,0.00000313,BTC,0.00000313,$0.05,-,-,"approved / BTC Interest Earned",2022-12-06 06:00:20
NXT5FbZ5VioxiqhC0MyPgSk82,Interest,BTC,0.00000313,BTC,0.00000313,$0.05,-,-,"approved / BTC Interest Earned",2022-12-05 06:00:18
NXT59tVuCFJGpElESwnWoK3kM,Interest,BTC,0.00000313,BTC,0.00000313,$0.05,-,-,"approved / BTC Interest Earned",2022-12-04 06:00:17
NXT7iUqblFSb2cE4IeBxLmvEF,Interest,BTC,0.00000313,BTC,0.00000313,$0.05,-,-,"approved / BTC Interest Earned",2022-12-03 06:00:18
NXT2zVbqY7mRivZvr5iShqEcs,Interest,BTC,0.00000313,BTC,0.00000313,$0.05,-,-,"approved / BTC Interest Earned",2022-12-02 06:00:17
NXT3vBSQNgfHBxj91vXlkQ7ux,Interest,BTC,0.00000313,BTC,0.00000313,$0.05,-,-,"approved / BTC Interest Earned",2022-12-01 06:00:20
NXT1n5CvOiHkVA7AxWGmx6Nlo,Interest,BTC,0.00000313,BTC,0.00000313,$0.05,-,-,"approved / BTC Interest Earned",2022-11-30 06:00:19
NXT6vu6NOeVfkYgYsw9lVVD0a,Interest,BTC,0.00000313,BTC,0.00000313,$0.05,-,-,"approved / BTC Interest Earned",2022-11-29 06:00:20
NXT49G0iesxCorJZWCjV1WTey,Interest,BTC,0.00000313,BTC,0.00000313,$0.05,-,-,"approved / BTC Interest Earned",2022-11-28 06:00:18
NXT1NM6gaQrLQI3kA8FXn0gPe,Interest,BTC,0.00000313,BTC,0.00000313,$0.05,-,-,"approved / BTC Interest Earned",2022-11-27 06:00:18
NXT5uYw7Y2UE01J3oNJAfA2BC,Interest,BTC,0.00000313,BTC,0.00000313,$0.05,-,-,"approved / BTC Interest Earned",2022-11-26 06:00:19
NXT1tl3yfYtUx40JBz3gTy5l3,Interest,BTC,0.00000313,BTC,0.00000313,$0.05,-,-,"approved / BTC Interest Earned",2022-11-25 06:00:19
NXT5NJnInIeSjp8BnIB9depGP,Interest,BTC,0.00000313,BTC,0.00000313,$0.05,-,-,"approved / BTC Interest Earned",2022-11-24 06:00:19
NXT6BbcGsBjc5UfYlAl7Jgp1O,Interest,BTC,0.00000313,BTC,0.00000313,$0.05,-,-,"approved / BTC Interest Earned",2022-11-23 06:00:20
NXT23oOvygclc0ztjadZGoS6H,Interest,BTC,0.00000313,BTC,0.00000313,$0.04,-,-,"approved / BTC Interest Earned",2022-11-22 06:00:17
NXT6CvAaLOV11Yyc7MFMYUYh5,Interest,BTC,0.00000313,BTC,0.00000313,$0.05,-,-,"approved / BTC Interest Earned",2022-11-21 06:00:19
NXT1xZXelYCFRjyi7yz593rSh,Interest,BTC,0.00000313,BTC,0.00000313,$0.05,-,-,"approved / BTC Interest Earned",2022-11-20 06:00:19
NXT5oqm8I5NzhtoCElvjJPFs0,Interest,BTC,0.00000313,BTC,0.00000313,$0.05,-,-,"approved / BTC Interest Earned",2022-11-19 06:00:18
NXTPEF9txPCCxqf3S7hWYEld,Interest,BTC,0.00000313,BTC,0.00000313,$0.05,-,-,"approved / BTC Interest Earned",2022-11-18 06:00:19
NXT1xpKEolBbeYGTXo6EIFNSb,Interest,BTC,0.00000313,BTC,0.00000313,$0.05,-,-,"approved / BTC Interest Earned",2022-11-17 06:00:18
NXT1fAIJYepKMkPppb66Lq0fy,Interest,BTC,0.00000313,BTC,0.00000313,$0.05,-,-,"approved / BTC Interest Earned",2022-11-16 06:00:20
NXT7Dygh2okqBAon03TpXm8H6,Interest,BTC,0.00000313,BTC,0.00000313,$0.05,-,-,"approved / BTC Interest Earned",2022-11-15 06:00:19
NXT599T12AGk0srH8aF07dInb,Interest,BTC,0.00000313,BTC,0.00000313,$0.04,-,-,"approved / BTC Interest Earned",2022-11-14 06:00:19
NXT2mpRc4dXs8FZ1aB01QTxNA,Interest,BTC,0.00000313,BTC,0.00000313,$0.05,-,-,"approved / BTC Interest Earned",2022-11-13 06:00:20
NXT4lNJrYovLKdUbOtw4erse0,Interest,BTC,0.00000313,BTC,0.00000313,$0.05,-,-,"approved / BTC Interest Earned",2022-11-12 06:00:19
NXT17xvmjsdzvixlryrvgNPnM,Interest,BTC,0.00000313,BTC,0.00000313,$0.05,-,-,"approved / BTC Interest Earned",2022-11-11 06:00:19
NXT6aqRzBLaV2tCHY6fFd5Jlc,Interest,BTC,0.00000313,BTC,0.00000313,$0.05,-,-,"approved / BTC Interest Earned",2022-11-10 06:00:20
NXT4YJ9lNY7KT3tW5Z9sI2tpW,Interest,BTC,0.00000313,BTC,0.00000313,$0.05,-,-,"approved / BTC Interest Earned",2022-11-09 06:00:19
NXT3fMNlrufqHpwbRjgTOeib0,Interest,BTC,0.00000313,BTC,0.00000313,$0.06,-,-,"approved / BTC Interest Earned",2022-11-08 06:00:18
NXT1rqKREamhXN2mJv7w4kWFN,Interest,BTC,0.00000313,BTC,0.00000313,$0.06,-,-,"approved / BTC Interest Earned",2022-11-07 06:00:18
NXT6y6oJL21h5Rke95rXPI996,Interest,BTC,0.00000313,BTC,0.00000313,$0.06,-,-,"approved / BTC Interest Earned",2022-11-06 06:00:18
NXT7fBnlBJUVUZGIrGWbulox3,Interest,BTC,0.00000313,BTC,0.00000313,$0.06,-,-,"approved / BTC Interest Earned",2022-11-05 06:00:19
NXT7I7sqrPDjx9A3MfHXLQF6T,Interest,BTC,0.00000313,BTC,0.00000313,$0.06,-,-,"approved / BTC Interest Earned",2022-11-04 06:00:18
NXT43ePkk5jSaWiWgEq0jaWP6,Interest,BTC,0.00000313,BTC,0.00000313,$0.06,-,-,"approved / BTC Interest Earned",2022-11-03 06:00:18
NXT6XKMVLhepVcmxNSHJWV7Q7,Interest,BTC,0.00000313,BTC,0.00000313,$0.06,-,-,"approved / BTC Interest Earned",2022-11-02 06:00:17
NXT7eTiQdgOvghA2U5y7bO0nd,Interest,BTC,0.00000313,BTC,0.00000313,$0.06,-,-,"approved / BTC Interest Earned",2022-11-01 06:00:16
NXT1vcAzsc5KEsuxoEeYqopFD,Interest,BTC,0.00000313,BTC,0.00000313,$0.06,-,-,"approved / BTC Interest Earned",2022-10-31 06:00:16
NXT1LIBMzI0i70ejksan5GHuM,Interest,BTC,0.00000313,BTC,0.00000313,$0.06,-,-,"approved / BTC Interest Earned",2022-10-30 06:00:16
NXT7exYCkO0z74U1znMK9f21N,Interest,BTC,0.00000313,BTC,0.00000313,$0.06,-,-,"approved / BTC Interest Earned",2022-10-29 05:00:18
NXT5HfqAUyrKgg4HGDxYJfsBO,Interest,BTC,0.00000312,BTC,0.00000312,$0.06,-,-,"approved / BTC Interest Earned",2022-10-28 05:00:18
NXT2tCoknSOwp5oInlnk44Ad9,Interest,BTC,0.00000312,BTC,0.00000312,$0.06,-,-,"approved / BTC Interest Earned",2022-10-27 05:00:17
NXTqXsByHzdcRb3DEY68Of8t,Interest,BTC,0.00000312,BTC,0.00000312,$0.06,-,-,"approved / BTC Interest Earned",2022-10-26 05:00:17
NXT6YWcCJZ2ffF72badDLcvtE,Interest,BTC,0.00000312,BTC,0.00000312,$0.06,-,-,"approved / BTC Interest Earned",2022-10-25 05:00:17
NXTadYozmV7Frh3PZUGUMCYy,Interest,BTC,0.00000312,BTC,0.00000312,$0.06,-,-,"approved / BTC Interest Earned",2022-10-24 05:00:16
NXT4iIRZbjPXi8rpODVzMcASy,Interest,BTC,0.00000312,BTC,0.00000312,$0.06,-,-,"approved / BTC Interest Earned",2022-10-23 05:00:16
NXT4mbCWamOWRZ4Ldhf7rURd2,Interest,BTC,0.00000312,BTC,0.00000312,$0.05,-,-,"approved / BTC Interest Earned",2022-10-22 05:00:17
NXT3wxH9tgwXtvL6KdGW5n701,Interest,BTC,0.00000312,BTC,0.00000312,$0.05,-,-,"approved / BTC Interest Earned",2022-10-21 05:00:16
NXT6XXclZ3hgR0x2SL0qjvlxl,Interest,BTC,0.00000312,BTC,0.00000312,$0.05,-,-,"approved / BTC Interest Earned",2022-10-20 05:00:16
NXTVZrdcHro87ibxzhbHGG0c,Interest,BTC,0.00000312,BTC,0.00000312,$0.06,-,-,"approved / BTC Interest Earned",2022-10-19 05:00:16
NXT7PLO6HLwvKPnwXGGtJzjQU,Interest,BTC,0.00000312,BTC,0.00000312,$0.06,-,-,"approved / BTC Interest Earned",2022-10-18 05:00:10
NXT1hqT9mVKG5e3u3OeTjWFVN,Interest,BTC,0.00000312,BTC,0.00000312,$0.06,-,-,"approved / BTC Interest Earned",2022-10-17 05:00:10
NXT2Vl4SusDm22BSX6oi34T2J,Interest,BTC,0.00000312,BTC,0.00000312,$0.05,-,-,"approved / BTC Interest Earned",2022-10-16 05:00:10
NXT5ryU8BtkuXBWCOwWhuVtk2,Interest,BTC,0.00000312,BTC,0.00000312,$0.06,-,-,"approved / BTC Interest Earned",2022-10-15 05:00:10
NXT6WVuYyTBzw2azMIMEIN5MZ,Interest,BTC,0.00000312,BTC,0.00000312,$0.06,-,-,"approved / BTC Interest Earned",2022-10-14 05:00:10
NXT4kQrntOktH3Y6dc9ylmogH,Interest,BTC,0.00000312,BTC,0.00000312,$0.05,-,-,"approved / BTC Interest Earned",2022-10-13 05:00:10
NXT24ITTId2hZEuSxBFbF8XP1,Interest,BTC,0.00000312,BTC,0.00000312,$0.05,-,-,"approved / BTC Interest Earned",2022-10-12 05:00:10
NXT4zE1DNcKkU3nT0nQb5D82Z,Interest,BTC,0.00000312,BTC,0.00000312,$0.05,-,-,"approved / BTC Interest Earned",2022-10-11 05:00:10
NXT1RidnArGQqcUUfSxYEEwCZ,Interest,BTC,0.00000312,BTC,0.00000312,$0.06,-,-,"approved / BTC Interest Earned",2022-10-10 05:00:10
NXT2ocPsnwvvWBrqLijRarhZR,Interest,BTC,0.00000312,BTC,0.00000312,$0.06,-,-,"approved / BTC Interest Earned",2022-10-09 05:00:10
NXT7iByKEsuNeNuzzTgYkAF3z,Interest,BTC,0.00000312,BTC,0.00000312,$0.06,-,-,"approved / BTC Interest Earned",2022-10-08 05:00:10
NXT3vkZoEOrl2T7J2APif4xiv,Interest,BTC,0.00000312,BTC,0.00000312,$0.06,-,-,"approved / BTC Interest Earned",2022-10-07 05:00:10
NXT6FeLQt7eZhXHkFjCFaxx6K,Interest,BTC,0.00000312,BTC,0.00000312,$0.06,-,-,"approved / BTC Interest Earned",2022-10-06 05:00:10
NXT79VjkRiJWFOmgAnk2lEjfm,Interest,BTC,0.00000312,BTC,0.00000312,$0.06,-,-,"approved / BTC Interest Earned",2022-10-05 05:00:10
NXT5UDOJ0exXB9ZpopktTKLx0,Interest,BTC,0.00000312,BTC,0.00000312,$0.06,-,-,"approved / BTC Interest Earned",2022-10-04 05:00:10
NXT7fUQiv7nzoTMcR7Wh9Ak2e,Interest,BTC,0.00000312,BTC,0.00000312,$0.05,-,-,"approved / BTC Interest Earned",2022-10-03 05:00:10
NXT5cbrZ78qD1fgGl7AVR9WHh,Interest,BTC,0.00000312,BTC,0.00000312,$0.06,-,-,"approved / BTC Interest Earned",2022-10-02 05:00:10
NXT7gmCLfC0dEMDUutUN9CNtk,Interest,BTC,0.00000312,BTC,0.00000312,$0.06,-,-,"approved / BTC Interest Earned",2022-10-01 05:00:10
NXT6O7qFSh1NL6dHVY491Nxh6,Interest,BTC,0.00000312,BTC,0.00000312,$0.06,-,-,"approved / BTC Interest Earned",2022-09-30 05:00:11
NXT3M4WYsZwn1eAsqUOd2wRhl,Interest,BTC,0.00000312,BTC,0.00000312,$0.06,-,-,"approved / BTC Interest Earned",2022-09-29 05:00:11
NXT44keeNDvU8jzHXcfoRhw6R,Interest,BTC,0.00000312,BTC,0.00000312,$0.05,-,-,"approved / BTC Interest Earned",2022-09-28 05:00:11
NXT3MurhFyu4a6a8QK7EAcs7U,Interest,BTC,0.00000312,BTC,0.00000312,$0.06,-,-,"approved / BTC Interest Earned",2022-09-27 05:00:11
NXT5B7e7huLyU7nIkP6zdk85e,Interest,BTC,0.00000312,BTC,0.00000312,$0.05,-,-,"approved / BTC Interest Earned",2022-09-26 05:00:11
NXT134Lt0W5QSLoSsDtwHogwu,Interest,BTC,0.00000312,BTC,0.00000312,$0.05,-,-,"approved / BTC Interest Earned",2022-09-25 05:00:10
NXT4RYKl9DoHl2yj95537SoqY,Interest,BTC,0.00000312,BTC,0.00000312,$0.05,-,-,"approved / BTC Interest Earned",2022-09-24 05:00:10
NXT3wTbHbO32Fi1H2sb4uuUB9,Interest,BTC,0.00000312,BTC,0.00000312,$0.06,-,-,"approved / BTC Interest Earned",2022-09-23 05:00:11
NXT3D272mHAO68FF5ijQ9yCtR,Interest,BTC,0.00000312,BTC,0.00000312,$0.05,-,-,"approved / BTC Interest Earned",2022-09-22 05:00:11
NXT7ZF6CvmeZJ5fzOt8NgTIYu,Interest,BTC,0.00000312,BTC,0.00000312,$0.05,-,-,"approved / BTC Interest Earned",2022-09-21 05:00:10
NXTti3RoNu9aoxv822nGPRb1,Interest,BTC,0.00000312,BTC,0.00000312,$0.06,-,-,"approved / BTC Interest Earned",2022-09-20 05:00:10
NXT7iTTJh4hwHdPf3Nfpq3VKq,Interest,BTC,0.00000311,BTC,0.00000311,$0.05,-,-,"approved / BTC Interest Earned",2022-09-19 05:00:10
NXT3F95FmcGO98b5GmzEULZIc,Interest,BTC,0.00000311,BTC,0.00000311,$0.06,-,-,"approved / BTC Interest Earned",2022-09-18 05:00:10
NXT7UkxDFwGh5qnRqEkE5tVQU,Interest,BTC,0.00000311,BTC,0.00000311,$0.06,-,-,"approved / BTC Interest Earned",2022-09-17 05:00:10
NXT7iDs70rLpcCkx8hxzxfO7v,Interest,BTC,0.00000311,BTC,0.00000311,$0.06,-,-,"approved / BTC Interest Earned",2022-09-16 05:00:09
NXT5BTJ7wzjfGnDNDzbJ7ls3n,Interest,BTC,0.00000311,BTC,0.00000311,$0.06,-,-,"approved / BTC Interest Earned",2022-09-15 05:00:10
NXT3Eyh9b6b2T0T2IWYvruruE,Interest,BTC,0.00000311,BTC,0.00000311,$0.06,-,-,"approved / BTC Interest Earned",2022-09-14 05:00:10
NXT7SWLDuRaH48HHX0ZWxK8w4,Interest,BTC,0.00000311,BTC,0.00000311,$0.06,-,-,"approved / BTC Interest Earned",2022-09-13 05:00:09
NXT2GvmSovnM8jaWJaFueTLw8,Interest,BTC,0.00000311,BTC,0.00000311,$0.06,-,-,"approved / BTC Interest Earned",2022-09-12 05:00:09
NXT1NBKDEv2IPIUDtwzhpq3Mw,Interest,BTC,0.00000311,BTC,0.00000311,$0.06,-,-,"approved / BTC Interest Earned",2022-09-11 05:00:09
NXTl8jqt1tjrIWxRzl1SYUkx,Interest,BTC,0.00000311,BTC,0.00000311,$0.06,-,-,"approved / BTC Interest Earned",2022-09-10 05:00:09
NXT4ZOSXsj1tB3sEiaD2QEXD0,Interest,BTC,0.00000311,BTC,0.00000311,$0.06,-,-,"approved / BTC Interest Earned",2022-09-09 05:00:14
NXT2GN3I5RIilSYuYi9HL9thK,Interest,BTC,0.00000311,BTC,0.00000311,$0.06,-,-,"approved / BTC Interest Earned",2022-09-08 05:00:10
NXT3EoNUZTNE9Alm0PdhPZPT6,Interest,BTC,0.00000311,BTC,0.00000311,$0.05,-,-,"approved / BTC Interest Earned",2022-09-07 05:00:10
NXT4mFFuryoEH7Y6GFySukgIh,Interest,BTC,0.00000311,BTC,0.00000311,$0.06,-,-,"approved / BTC Interest Earned",2022-09-06 05:00:10
NXT21c3DT8cjoI6WvLLQH2NML,Interest,BTC,0.00000311,BTC,0.00000311,$0.06,-,-,"approved / BTC Interest Earned",2022-09-05 05:00:08
NXT1nmzcDU7d4PMRG4FWK1JSQ,Interest,BTC,0.00000311,BTC,0.00000311,$0.06,-,-,"approved / BTC Interest Earned",2022-09-04 05:00:08
NXT7ZOIv4tlvyh3xEXYy7dqBD,Interest,BTC,0.00000311,BTC,0.00000311,$0.06,-,-,"approved / BTC Interest Earned",2022-09-03 05:00:08
NXT4P7pEX4Rzf59Gpm7toED6O,Interest,BTC,0.00000311,BTC,0.00000311,$0.06,-,-,"approved / BTC Interest Earned",2022-09-02 05:00:09
NXT5PEDFG4A0y3AgWQL78s8iD,Interest,BTC,0.00000311,BTC,0.00000311,$0.06,-,-,"approved / BTC Interest Earned",2022-09-01 05:00:08
NXT6Me7HjXsLnNgQXFl5azArN,Interest,BTC,0.00000311,BTC,0.00000311,$0.06,-,-,"approved / BTC Interest Earned",2022-08-31 05:00:07
NXT2Qg3BgqyVM2uAU0lq1Qx3J,Interest,BTC,0.00000311,BTC,0.00000311,$0.06,-,-,"approved / BTC Interest Earned",2022-08-30 05:00:10
NXT66TUmNUvliV0TuUPhLNgaI,Interest,BTC,0.00000311,BTC,0.00000311,$0.06,-,-,"approved / BTC Interest Earned",2022-08-29 05:00:11
NXT2ERGOu3NYh5KDibUlBU90x,Interest,BTC,0.00000311,BTC,0.00000311,$0.06,-,-,"approved / BTC Interest Earned",2022-08-28 05:00:11
NXT7jRc9OKmysxn5RVeB6NplV,Interest,BTC,0.00000311,BTC,0.00000311,$0.06,-,-,"approved / BTC Interest Earned",2022-08-27 05:00:10
NXT3R058uSuEhFWRs5l3NqjOn,Top up Crypto,BTC,0.00438988,BTC,0.00438988,$93.41,-,-,"approved / 2cb1e2f7a98803aad23af7a6c0cd7317c200478b6ac5b43aa56b4f00a5e5ea0a",2022-08-26 14:47:27
NXT1cSXJ3vPJJK7Q5SnkOoFdo,Interest,BTC,0.00000311,BTC,0.00000311,$0.06,-,-,"approved / BTC Interest Earned",2022-08-26 05:00:10
NXT4sOwyPxfFZugJzOCjbRxJ7,Interest,BTC,0.00000311,BTC,0.00000311,$0.06,-,-,"approved / BTC Interest Earned",2022-08-25 05:00:11
NXT1eApFO2DyT6M69tV9u576r,Interest,BTC,0.00000311,BTC,0.00000311,$0.06,-,-,"approved / BTC Interest Earned",2022-08-24 05:00:10
NXT1lzbNNKpHayr54ExUiEeHF,Interest,BTC,0.00000311,BTC,0.00000311,$0.06,-,-,"approved / BTC Interest Earned",2022-08-23 05:00:10
NXT5hOdWfLEpF67EnRL3sx2jT,Interest,BTC,0.00000311,BTC,0.00000311,$0.06,-,-,"approved / BTC Interest Earned",2022-08-22 05:00:10
NXT7NQGtMvqBXyEQ0WelcStUT,Interest,BTC,0.00000311,BTC,0.00000311,$0.06,-,-,"approved / BTC Interest Earned",2022-08-21 05:00:09
NXTuZF4mWEjHGVKPyK0KcBR2,Interest,BTC,0.00000311,BTC,0.00000311,$0.06,-,-,"approved / BTC Interest Earned",2022-08-20 05:00:09
NXT3EU3jpPuDUr7AZxyyLGgSy,Interest,BTC,0.00000311,BTC,0.00000311,$0.07,-,-,"approved / BTC Interest Earned",2022-08-19 05:00:09
NXT1LOnL8POlmsVsqR9pHTOd0,Interest,BTC,0.00000311,BTC,0.00000311,$0.07,-,-,"approved / BTC Interest Earned",2022-08-18 05:00:09
NXTm5ZnUgbmH5lX0Chupb4nj,Interest,BTC,0.00000311,BTC,0.00000311,$0.07,-,-,"approved / BTC Interest Earned",2022-08-17 05:00:09
NXT123Xb4fuxZc8ShqcRmwTHe,Interest,BTC,0.00000311,BTC,0.00000311,$0.07,-,-,"approved / BTC Interest Earned",2022-08-16 05:00:09
NXT35BirBj9qZjNOPrfggDhTE,Interest,BTC,0.00000311,BTC,0.00000311,$0.07,-,-,"approved / BTC Interest Earned",2022-08-15 05:00:09
NXT3O2PkjbgMC8Hmr2wrfoHz5,Interest,BTC,0.00000311,BTC,0.00000311,$0.07,-,-,"approved / BTC Interest Earned",2022-08-14 05:00:08
NXT2xQ3GpD6CHnnrm6euPAf7Y,Interest,BTC,0.00000311,BTC,0.00000311,$0.07,-,-,"approved / BTC Interest Earned",2022-08-13 05:00:08
NXT6srF0k8nQLGEyWaf4EmEHV,Interest,BTC,0.00000311,BTC,0.00000311,$0.07,-,-,"approved / BTC Interest Earned",2022-08-12 05:00:08
NXT5LmH4znny14ryLTN1mb5Ug,Interest,BTC,0.00000311,BTC,0.00000311,$0.07,-,-,"approved / BTC Interest Earned",2022-08-11 05:00:07
NXT7SEqxOaImqtfoGNIevHUko,Interest,BTC,0.00000310,BTC,0.00000310,$0.07,-,-,"approved / BTC Interest Earned",2022-08-10 05:00:07
NXT4kcRmMB19k0RIAw3hJlScJ,Interest,BTC,0.00000310,BTC,0.00000310,$0.07,-,-,"approved / BTC Interest Earned",2022-08-09 05:00:11
NXT3Faasr7aKY0R7cgEveEIN4,Interest,BTC,0.00000310,BTC,0.00000310,$0.07,-,-,"approved / BTC Interest Earned",2022-08-08 05:00:10
NXT6rTnnWiJTpT9thcKBys7pJ,Interest,BTC,0.00000310,BTC,0.00000310,$0.07,-,-,"approved / BTC Interest Earned",2022-08-07 05:00:10
NXT1D3hoxmbhRDGR72qlFqflF,Interest,BTC,0.00000310,BTC,0.00000310,$0.07,-,-,"approved / BTC Interest Earned",2022-08-06 05:00:10
NXT1mLMgE1B9TEQewnuZ1fGk5,Interest,BTC,0.00000310,BTC,0.00000310,$0.07,-,-,"approved / BTC Interest Earned",2022-08-05 05:00:11
NXT68mTUWFuE5BFCaiyn0IHIB,Interest,BTC,0.00000310,BTC,0.00000310,$0.07,-,-,"approved / BTC Interest Earned",2022-08-04 05:00:10
NXTX9IJQ554NOsdgvkDbe2y1,Interest,BTC,0.00000310,BTC,0.00000310,$0.07,-,-,"approved / BTC Interest Earned",2022-08-03 05:00:10
NXT5hYwPpLCQYs2H4bHhYRusC,Interest,BTC,0.00000310,BTC,0.00000310,$0.07,-,-,"approved / BTC Interest Earned",2022-08-02 05:00:10
NXT6JwVPet2iiSKXiVoUrbvAU,Interest,BTC,0.00000310,BTC,0.00000310,$0.07,-,-,"approved / BTC Interest Earned",2022-08-01 05:00:10
NXT3gjZB07fylynfG2lp2foZB,Interest,BTC,0.00000310,BTC,0.00000310,$0.07,-,-,"approved / BTC Interest Earned",2022-07-31 05:00:10
NXT1mEDMzHjtcKTwvuZ99xnxS,Interest,BTC,0.00000310,BTC,0.00000310,$0.07,-,-,"approved / BTC Interest Earned",2022-07-30 05:00:10
NXT1w7vKDwyjuYinnQWh9IDKC,Interest,BTC,0.00000310,BTC,0.00000310,$0.07,-,-,"approved / BTC Interest Earned",2022-07-29 05:00:10
NXT4SHIOrezMm5CXbyuvMnKjj,Interest,BTC,0.00000310,BTC,0.00000310,$0.07,-,-,"approved / BTC Interest Earned",2022-07-28 05:00:10
NXT3AwJtG2WomFerRqUfzugHO,Interest,BTC,0.00000310,BTC,0.00000310,$0.06,-,-,"approved / BTC Interest Earned",2022-07-27 05:00:10
NXT6lssUjMVeikWukxAsghjqc,Interest,BTC,0.00000310,BTC,0.00000310,$0.06,-,-,"approved / BTC Interest Earned",2022-07-26 05:00:10
NXT9wCb4u8zdH7SeIgdGtDNm,Interest,BTC,0.00000310,BTC,0.00000310,$0.06,-,-,"approved / BTC Interest Earned",2022-07-25 05:00:10
NXT2dHjC0E1MMCRoE7lV4GRgU,Interest,BTC,0.00000310,BTC,0.00000310,$0.06,-,-,"approved / BTC Interest Earned",2022-07-24 05:00:10
NXT76DyvzaklwdXkQlRtdsK3P,Interest,BTC,0.00000310,BTC,0.00000310,$0.07,-,-,"approved / BTC Interest Earned",2022-07-23 05:00:10
NXT1ebBmXU51AS8rFkjNhZwRz,Interest,BTC,0.00000310,BTC,0.00000310,$0.07,-,-,"approved / BTC Interest Earned",2022-07-22 05:00:09
NXT5XkUF18Q8UHrPZYMoAJoCg,Interest,BTC,0.00000310,BTC,0.00000310,$0.07,-,-,"approved / BTC Interest Earned",2022-07-21 05:00:09
NXT2pkD5WyPeBCmwyqcdvA1eV,Interest,BTC,0.00000310,BTC,0.00000310,$0.07,-,-,"approved / BTC Interest Earned",2022-07-20 05:00:13
NXT5QsN3TQMz5b7TD3YP9iCe2,Interest,BTC,0.00000310,BTC,0.00000310,$0.06,-,-,"approved / BTC Interest Earned",2022-07-19 05:00:10
NXT3Ghf2FY8JlYK45Gtl48z4V,Interest,BTC,0.00000310,BTC,0.00000310,$0.06,-,-,"approved / BTC Interest Earned",2022-07-18 05:00:09
NXTwS8u0dRIJSkLvR07E4ho2,Interest,BTC,0.00000310,BTC,0.00000310,$0.06,-,-,"approved / BTC Interest Earned",2022-07-17 05:00:08
NXT5PjRxRRlMNwGWi5EXeR8MZ,Interest,BTC,0.00000310,BTC,0.00000310,$0.06,-,-,"approved / BTC Interest Earned",2022-07-16 05:00:09
NXTU2iC1xzEQ7Eq9G2GeH7Pu,Interest,BTC,0.00000310,BTC,0.00000310,$0.06,-,-,"approved / BTC Interest Earned",2022-07-15 05:00:09
NXT6BgmzZD4da5YvkSZWfk8qT,Interest,BTC,0.00000310,BTC,0.00000310,$0.06,-,-,"approved / BTC Interest Earned",2022-07-14 05:00:07
NXT1KoiUpobcDUdxXVJp1kTeD,Interest,BTC,0.00000310,BTC,0.00000310,$0.06,-,-,"approved / BTC Interest Earned",2022-07-13 05:00:07
NXT6QiITKZvrjGHXqazxEHtYk,Interest,BTC,0.00000310,BTC,0.00000310,$0.06,-,-,"approved / BTC Interest Earned",2022-07-12 05:00:11
NXT5fQLcgzcr4p9Kb97ms0O1,Interest,BTC,0.00000310,BTC,0.00000310,$0.06,-,-,"approved / BTC Interest Earned",2022-07-11 05:00:11
NXT3pDC16Khzsfv0izUrNPXgo,Interest,BTC,0.00000310,BTC,0.00000310,$0.06,-,-,"approved / BTC Interest Earned",2022-07-10 05:00:11
NXT2Xo9Qna5BcurddkJ3XF6pv,Interest,BTC,0.00000310,BTC,0.00000310,$0.06,-,-,"approved / BTC Interest Earned",2022-07-09 05:00:10
NXT4oL8Y6xeMBAqHYdjg4v5r7,Interest,BTC,0.00000310,BTC,0.00000310,$0.06,-,-,"approved / BTC Interest Earned",2022-07-08 05:00:10
NXT2TN1lFYDUtOKFZ3sK392rO,Interest,BTC,0.00000310,BTC,0.00000310,$0.06,-,-,"approved / BTC Interest Earned",2022-07-07 05:00:09
NXT7A33uGtqAdglHUfGKSxOhC,Interest,BTC,0.00000310,BTC,0.00000310,$0.06,-,-,"approved / BTC Interest Earned",2022-07-06 05:00:09
NXT46EoVKwRZQmzbQ8BTfIG3Z,Interest,BTC,0.00000310,BTC,0.00000310,$0.06,-,-,"approved / BTC Interest Earned",2022-07-05 05:00:09
NXT5X3RrgcC6YjCkzrIngCnUD,Interest,BTC,0.00000310,BTC,0.00000310,$0.05,-,-,"approved / BTC Interest Earned",2022-07-04 05:00:09
NXT5kCCiE9Q0qV6t0k9ayX7dp,Interest,BTC,0.00000310,BTC,0.00000310,$0.05,-,-,"approved / BTC Interest Earned",2022-07-03 05:00:09
NXT3jqCYdc1hwKBP8y0Pb1m1L,Interest,BTC,0.00000310,BTC,0.00000310,$0.05,-,-,"approved / BTC Interest Earned",2022-07-02 05:00:09
NXT1ptQw4FNhympW87pSK24W,Interest,BTC,0.00000309,BTC,0.00000309,$0.06,-,-,"approved / BTC Interest Earned",2022-07-01 05:00:08
NXT5X49P7kCHN7VnnnV6tsZ3f,Interest,BTC,0.00000411,BTC,0.00000411,$0.08,-,-,"approved / BTC Interest Earned",2022-06-30 05:00:08
NXT4KZzmzWvJEloQ9cbfZJqkK,Interest,BTC,0.00000411,BTC,0.00000411,$0.08,-,-,"approved / BTC Interest Earned",2022-06-29 05:00:07
NXT5Vt5JtP5eVnZa9xvOvBa9d,Interest,BTC,0.00000411,BTC,0.00000411,$0.08,-,-,"approved / BTC Interest Earned",2022-06-28 05:00:06
NXT3yTPVU50e8mtjPqsYtDVS7,Interest,BTC,0.00000411,BTC,0.00000411,$0.08,-,-,"approved / BTC Interest Earned",2022-06-27 05:00:07
NXT5Pbv1fRnI78uwJd0tkyuX2,Interest,BTC,0.00000411,BTC,0.00000411,$0.08,-,-,"approved / BTC Interest Earned",2022-06-26 05:00:07
NXT2GueeXLikU0JZd91fdhQ2j,Interest,BTC,0.00000411,BTC,0.00000411,$0.08,-,-,"approved / BTC Interest Earned",2022-06-25 05:00:07
NXT62NJHeekNXrJpR7lCz4sn8,Interest,BTC,0.00000410,BTC,0.00000410,$0.08,-,-,"approved / BTC Interest Earned",2022-06-24 05:00:06
NXTnLVsOiTS9OekciJ69BkWy,Interest,BTC,0.00000410,BTC,0.00000410,$0.08,-,-,"approved / BTC Interest Earned",2022-06-23 05:00:07
NXTu7zvPJCCNufUJtQo54aoC,Interest,BTC,0.00000410,BTC,0.00000410,$0.08,-,-,"approved / BTC Interest Earned",2022-06-22 05:00:07
NXT4AuWLCboLDkZzVuXC58C59,Interest,BTC,0.00000410,BTC,0.00000410,$0.08,-,-,"approved / BTC Interest Earned",2022-06-21 05:00:07
NXT29ygRuOUsjMWXSQJt4gjL8,Interest,BTC,0.00000410,BTC,0.00000410,$0.08,-,-,"approved / BTC Interest Earned",2022-06-20 05:00:06
NXT6XneoGdurd5H1XE8dG58pr,Interest,BTC,0.00000410,BTC,0.00000410,$0.07,-,-,"approved / BTC Interest Earned",2022-06-19 05:00:07
NXT67FFv4TUnK7sE8JhTza8S,Interest,BTC,0.00000410,BTC,0.00000410,$0.08,-,-,"approved / BTC Interest Earned",2022-06-18 05:00:07
NXT1LkXpiOMYp3mcuVH0RuxW,Interest,BTC,0.00000410,BTC,0.00000410,$0.08,-,-,"approved / BTC Interest Earned",2022-06-17 05:00:07
NXT3r0b2a8qQqC16a6b9LXMoU,Interest,BTC,0.00000410,BTC,0.00000410,$0.09,-,-,"approved / BTC Interest Earned",2022-06-16 05:00:08
NXT5GuSzT8RLpqqimL6EtcGwH,Interest,BTC,0.00000410,BTC,0.00000410,$0.08,-,-,"approved / BTC Interest Earned",2022-06-15 05:00:07
NXT3MtWh69a8G9u6hQb0LNeRD,Interest,BTC,0.00000410,BTC,0.00000410,$0.09,-,-,"approved / BTC Interest Earned",2022-06-14 05:00:07
NXT5Vpejoa2Ljgb18azVE4bEJ,Interest,BTC,0.00000410,BTC,0.00000410,$0.10,-,-,"approved / BTC Interest Earned",2022-06-13 05:00:07
NXT4jydW3oiprL8hWvudXm41v,Interest,BTC,0.00000410,BTC,0.00000410,$0.11,-,-,"approved / BTC Interest Earned",2022-06-12 05:00:06
NXT4C7QI1LrxbHiGJZhMeMCtK,Interest,BTC,0.00000410,BTC,0.00000410,$0.12,-,-,"approved / BTC Interest Earned",2022-06-11 05:00:07
NXT50MHRbsjq7lv3HggQD6WeX,Interest,BTC,0.00000410,BTC,0.00000410,$0.12,-,-,"approved / BTC Interest Earned",2022-06-10 05:00:06
NXT3JTn5qqDzHPdrD1QdEuWSH,Interest,BTC,0.00000410,BTC,0.00000410,$0.12,-,-,"approved / BTC Interest Earned",2022-06-09 05:00:06
NXT52Cgh19CqkxYuooXGBsWv0,Interest,BTC,0.00000410,BTC,0.00000410,$0.12,-,-,"approved / BTC Interest Earned",2022-06-08 05:00:06
NXT1wB31QGr5qX0GXOBl4iqEi,Interest,BTC,0.00000410,BTC,0.00000410,$0.12,-,-,"approved / BTC Interest Earned",2022-06-07 05:00:06
NXT434ZyyTrUv0JP1Y5pSBvCv,Interest,BTC,0.00000410,BTC,0.00000410,$0.12,-,-,"approved / BTC Interest Earned",2022-06-06 05:00:06
NXT5PrmcXRcUgkbwLmb8TDjdu,Interest,BTC,0.00000410,BTC,0.00000410,$0.12,-,-,"approved / BTC Interest Earned",2022-06-05 05:00:06
NXT4wXAnao5Kc3UzRa0RDVtGb,Interest,BTC,0.00000410,BTC,0.00000410,$0.12,-,-,"approved / BTC Interest Earned",2022-06-04 05:00:05
NXT64Kufm14vO55QWoz6LXs4K,Interest,BTC,0.00000410,BTC,0.00000410,$0.12,-,-,"approved / BTC Interest Earned",2022-06-03 05:00:06
NXT6GzsO28w6conjN9THp90qz,Interest,BTC,0.00000410,BTC,0.00000410,$0.12,-,-,"approved / BTC Interest Earned",2022-06-02 05:00:06
NXT5RLz1KaygFbGXFp5w4ahNu,Interest,BTC,0.00000409,BTC,0.00000409,$0.12,-,-,"approved / BTC Interest Earned",2022-06-01 05:00:06
NXT4apqvPHR4zzPthvOqQtsgc,Interest,BTC,0.00000409,BTC,0.00000409,$0.12,-,-,"approved / BTC Interest Earned",2022-05-31 05:00:06
NXT2GszPKcI6jZ5l8h86LDN1I,Interest,BTC,0.00000409,BTC,0.00000409,$0.12,-,-,"approved / BTC Interest Earned",2022-05-30 05:00:07
NXT3DwunrfQaRYeZId6czBKPn,Interest,BTC,0.00000409,BTC,0.00000409,$0.11,-,-,"approved / BTC Interest Earned",2022-05-29 05:00:06
NXT3CrOqKaWktbWhiNJpOF2Px,Interest,BTC,0.00000409,BTC,0.00000409,$0.11,-,-,"approved / BTC Interest Earned",2022-05-28 05:00:06
NXT4IqX2jYGVyVXrphDvvOWhO,Interest,BTC,0.00000409,BTC,0.00000409,$0.11,-,-,"approved / BTC Interest Earned",2022-05-27 05:00:06
NXT3Sqpoy0tV5gt506bdfubEj,Interest,BTC,0.00000409,BTC,0.00000409,$0.12,-,-,"approved / BTC Interest Earned",2022-05-26 05:00:06
NXT5zFrzzpLhbMj2znq17rGjn,Interest,BTC,0.00000409,BTC,0.00000409,$0.12,-,-,"approved / BTC Interest Earned",2022-05-25 05:00:07
NXTC2ATg1f7BNps5dRe7PWa6,Interest,BTC,0.00000409,BTC,0.00000409,$0.12,-,-,"approved / BTC Interest Earned",2022-05-24 05:00:06
NXTjhvuARYwHgXJtplrwv9wv,Interest,BTC,0.00000409,BTC,0.00000409,$0.12,-,-,"approved / BTC Interest Earned",2022-05-23 05:00:07
NXT7X7z36oo6pZdc0FA1cd4S8,Interest,BTC,0.00000409,BTC,0.00000409,$0.12,-,-,"approved / BTC Interest Earned",2022-05-22 05:00:06
NXT2fQ3WoOo6kHBoRUxrpOot6,Interest,BTC,0.00000409,BTC,0.00000409,$0.11,-,-,"approved / BTC Interest Earned",2022-05-21 05:00:06
NXT172uy9CGXKK33o8zgPBEqq,Interest,BTC,0.00000409,BTC,0.00000409,$0.12,-,-,"approved / BTC Interest Earned",2022-05-20 05:00:07
NXT3EhQ71KYRE89O9KlsUtVCX,Interest,BTC,0.00000409,BTC,0.00000409,$0.11,-,-,"approved / BTC Interest Earned",2022-05-19 05:00:06
NXT6SYeXOsYgQLfaBDCvIR2AH,Interest,BTC,0.00000409,BTC,0.00000409,$0.12,-,-,"approved / BTC Interest Earned",2022-05-18 05:00:08
NXT66l1CQCjXMuwFb0OresHRv,Interest,BTC,0.00000409,BTC,0.00000409,$0.12,-,-,"approved / BTC Interest Earned",2022-05-17 05:00:09
NXT33ABr5YvPwQtOj12rHLstx,Interest,BTC,0.00000409,BTC,0.00000409,$0.12,-,-,"approved / BTC Interest Earned",2022-05-16 05:00:08
NXT4WzXHKXjh5rMSyUAhDHmhk,Interest,BTC,0.00000409,BTC,0.00000409,$0.12,-,-,"approved / BTC Interest Earned",2022-05-15 05:00:07
NXT3ybAuc6nmoRL5Xpn7bWfxk,Interest,BTC,0.00000409,BTC,0.00000409,$0.12,-,-,"approved / BTC Interest Earned",2022-05-14 05:00:09
NXT5AgTZcfJAjWJmcZfMoadMW,Interest,BTC,0.00000409,BTC,0.00000409,$0.12,-,-,"approved / BTC Interest Earned",2022-05-13 05:00:10
NXT5WnA0t51PYrDAuk3dLMYCx,Interest,BTC,0.00000409,BTC,0.00000409,$0.11,-,-,"approved / BTC Interest Earned",2022-05-12 05:00:10
NXTQT3DQbCMuUU37SjvK72P5,Interest,BTC,0.00000409,BTC,0.00000409,$0.12,-,-,"approved / BTC Interest Earned",2022-05-11 05:00:07
NXT39P0VPqGz7dx3Tz5nTsVJI,Interest,BTC,0.00000409,BTC,0.00000409,$0.12,-,-,"approved / BTC Interest Earned",2022-05-10 05:00:07
NXT6444TZBleqP9R8bMNUdwDp,Interest,BTC,0.00000408,BTC,0.00000408,$0.13,-,-,"approved / BTC Interest Earned",2022-05-09 05:00:07
NXT1HpwOo7B1n5H6CDbgEMmHn,Interest,BTC,0.00000408,BTC,0.00000408,$0.14,-,-,"approved / BTC Interest Earned",2022-05-08 05:00:06
NXT6V5JFPvPzeyNJ9wPxS9m3g,Interest,BTC,0.00000408,BTC,0.00000408,$0.14,-,-,"approved / BTC Interest Earned",2022-05-07 05:00:06
NXT5pDbSTlAZfrvWTegxuDkE0,Interest,BTC,0.00000408,BTC,0.00000408,$0.14,-,-,"approved / BTC Interest Earned",2022-05-06 05:00:06
NXT5wviPg9mZgFLSZwBeFa0en,Interest,BTC,0.00000408,BTC,0.00000408,$0.16,-,-,"approved / BTC Interest Earned",2022-05-05 05:00:06
NXT7jpsJBIewWrEgbxnvQ56is,Interest,BTC,0.00000408,BTC,0.00000408,$0.15,-,-,"approved / BTC Interest Earned",2022-05-04 05:00:07
NXT6MuWPj2GLTHG5Bgw5WgHjG,Interest,BTC,0.00000408,BTC,0.00000408,$0.15,-,-,"approved / BTC Interest Earned",2022-05-03 05:00:06
NXT7fd1hcql2X23FSmtLMQzRp,Interest,BTC,0.00000408,BTC,0.00000408,$0.15,-,-,"approved / BTC Interest Earned",2022-05-02 05:00:07
NXT3GApEHAvaCAeNzEfdHK4fe,Interest,BTC,0.00000408,BTC,0.00000408,$0.15,-,-,"approved / BTC Interest Earned",2022-05-01 05:00:07
NXT5p3oOglQcckf41vrRjRZNU,Interest,BTC,0.00000408,BTC,0.00000408,$0.15,-,-,"approved / BTC Interest Earned",2022-04-30 05:00:07
NXT7mEs3Y0rkWUcYjfCGqpZfk,Interest,BTC,0.00000408,BTC,0.00000408,$0.16,-,-,"approved / BTC Interest Earned",2022-04-29 05:00:06
NXT5qXh9Ydgd4xhWX7iKWHbFB,Interest,BTC,0.00000408,BTC,0.00000408,$0.16,-,-,"approved / BTC Interest Earned",2022-04-28 05:00:06
NXT7KFLxTYsyvToCdRsh9zoTc,Interest,BTC,0.00000408,BTC,0.00000408,$0.15,-,-,"approved / BTC Interest Earned",2022-04-27 05:00:07
NXT6RKJSbs7RRP0AIU58lShuG,Interest,BTC,0.00000408,BTC,0.00000408,$0.16,-,-,"approved / BTC Interest Earned",2022-04-26 05:00:07
NXT3WfT584wuzuEEzHeXpX0UK,Interest,BTC,0.00000408,BTC,0.00000408,$0.15,-,-,"approved / BTC Interest Earned",2022-04-25 05:00:07
NXT5R0Pl0Su1kQHIprYsNlJVI,Interest,BTC,0.00000408,BTC,0.00000408,$0.16,-,-,"approved / BTC Interest Earned",2022-04-24 05:00:07
NXT69azukoSVvU8gp3Clu3hcJ,Interest,BTC,0.00000408,BTC,0.00000408,$0.16,-,-,"approved / BTC Interest Earned",2022-04-23 05:00:06
NXT6OJ7heXLjvGuZbMGIWl36z,Interest,BTC,0.00000408,BTC,0.00000408,$0.16,-,-,"approved / BTC Interest Earned",2022-04-22 05:00:07
NXT20ZGnDpJpCKQUFNxosGNgY,Interest,BTC,0.00000408,BTC,0.00000408,$0.16,-,-,"approved / BTC Interest Earned",2022-04-21 05:00:07
NXT511rPQf1PdnLP7TDGXP3mi,Interest,BTC,0.00000408,BTC,0.00000408,$0.16,-,-,"approved / BTC Interest Earned",2022-04-20 05:00:06
NXTUaPmHmpK4ixDVp825Gh6m,Interest,BTC,0.00000408,BTC,0.00000408,$0.16,-,-,"approved / BTC Interest Earned",2022-04-19 05:00:07
NXT5MFwCCEC72vuMZTUAF3lzl,Interest,BTC,0.00000408,BTC,0.00000408,$0.15,-,-,"approved / BTC Interest Earned",2022-04-18 05:00:07
NXTEGmndQ222IlPrAR8TWHkc,Interest,BTC,0.00000408,BTC,0.00000408,$0.16,-,-,"approved / BTC Interest Earned",2022-04-17 05:00:07
NXT2IeNBeBi4AVgDHtcxhvywc,Interest,BTC,0.00000407,BTC,0.00000407,$0.16,-,-,"approved / BTC Interest Earned",2022-04-16 05:00:08
NXT75HqRUIePvQwnzG5FlcLjk,Interest,BTC,0.00000407,BTC,0.00000407,$0.16,-,-,"approved / BTC Interest Earned",2022-04-15 05:00:09
NXT6SbAX98MZZpUCQBgRo0l6C,Interest,BTC,0.00000407,BTC,0.00000407,$0.16,-,-,"approved / BTC Interest Earned",2022-04-14 05:00:08
NXTVw4f0vlR8oVSXSAvymBuA,Interest,BTC,0.00000407,BTC,0.00000407,$0.16,-,-,"approved / BTC Interest Earned",2022-04-13 05:00:07
NXT1OePHuNKi1Ol2RlBBtMl6n,Interest,BTC,0.00000407,BTC,0.00000407,$0.16,-,-,"approved / BTC Interest Earned",2022-04-12 05:00:07
NXT4DONLfEtTD3EBwMhln6rnE,Interest,BTC,0.00000407,BTC,0.00000407,$0.17,-,-,"approved / BTC Interest Earned",2022-04-11 05:00:06
NXT6liJDEfO9pu3afTI2SlJId,Interest,BTC,0.00000407,BTC,0.00000407,$0.17,-,-,"approved / BTC Interest Earned",2022-04-10 05:00:06
NXT2bC7oEYFG8HQW7DhcddMFU,Interest,BTC,0.00000407,BTC,0.00000407,$0.17,-,-,"approved / BTC Interest Earned",2022-04-09 05:00:06
NXT1zqiVPscKSK593DWVIqnvP,Interest,BTC,0.00000407,BTC,0.00000407,$0.17,-,-,"approved / BTC Interest Earned",2022-04-08 05:00:06
NXTa0Lx6ooJMMUmbUaaXkGfu,Interest,BTC,0.00000407,BTC,0.00000407,$0.17,-,-,"approved / BTC Interest Earned",2022-04-07 05:00:06
NXT6905Bdp3DxEzj4nFJzq2BJ,Interest,BTC,0.00000407,BTC,0.00000407,$0.18,-,-,"approved / BTC Interest Earned",2022-04-06 05:00:06
NXT60XN1lJ35ZpM2edHLpENyF,Interest,BTC,0.00000407,BTC,0.00000407,$0.19,-,-,"approved / BTC Interest Earned",2022-04-05 05:00:06
NXT4VnbQIqPlDKZel5bpjOkPD,Interest,BTC,0.00000407,BTC,0.00000407,$0.18,-,-,"approved / BTC Interest Earned",2022-04-04 05:00:06
NXT3dElgkyAwYXgxDB20YECtE,Interest,BTC,0.00000407,BTC,0.00000407,$0.18,-,-,"approved / BTC Interest Earned",2022-04-03 05:00:06
NXT1Xy849X1jdbEHfdqbNWR3W,Interest,BTC,0.00000407,BTC,0.00000407,$0.18,-,-,"approved / BTC Interest Earned",2022-04-02 05:00:07
NXTZrawuhg2ZGO58uslA8YKj,Interest,BTC,0.00000407,BTC,0.00000407,$0.18,-,-,"approved / BTC Interest Earned",2022-04-01 05:00:06
NXTpTmYzAzsSOofHJpuvHb2h,Interest,BTC,0.00000407,BTC,0.00000407,$0.19,-,-,"approved / BTC Interest Earned",2022-03-31 05:00:07
NXT359SwuKj6NBlw12pmFk0Xz,Interest,BTC,0.00000279,BTC,0.00000279,$0.13,-,-,"approved / BTC Interest Earned",2022-03-30 05:00:09
NXT5yUWNTze6C02fRveFNubK0,Transfer In,BTC,0.01187492,BTC,0.01187492,$569.59,-,-,"approved / Transfer from Credit Line Wallet to Savings Wallet",2022-03-29 12:33:44
NXT3NL9uK5yrHO0H40aQBvcxl,Interest,BTC,0.00000279,BTC,0.00000279,$0.13,-,-,"approved / BTC Interest Earned",2022-03-29 05:00:06
NXT1lAyQqzG1uCkHBQUYbI3EX,Interest,BTC,0.00000279,BTC,0.00000279,$0.13,-,-,"approved / BTC Interest Earned",2022-03-28 05:00:07
NXT74SbwO7UEumVo342KXk55G,Interest,BTC,0.00000279,BTC,0.00000279,$0.12,-,-,"approved / BTC Interest Earned",2022-03-27 05:00:06
NXT61OiuoVNulpn2GWdp6Htgq,Interest,BTC,0.00000279,BTC,0.00000279,$0.12,-,-,"approved / BTC Interest Earned",2022-03-26 06:00:06
NXTnoDTaiF45tU7uYL0zUshd,Interest,BTC,0.00000279,BTC,0.00000279,$0.12,-,-,"approved / BTC Interest Earned",2022-03-25 06:00:06
NXT79yUz5cxR0qzsXFOUldChq,Interest,BTC,0.00000279,BTC,0.00000279,$0.12,-,-,"approved / BTC Interest Earned",2022-03-24 06:00:06
NXT4ka80QE20fABzQ5Szx19Mw,Interest,BTC,0.00000279,BTC,0.00000279,$0.11,-,-,"approved / BTC Interest Earned",2022-03-23 06:00:06
NXT6tyPae8KLO61uBDXdiWbxO,Interest,BTC,0.00000279,BTC,0.00000279,$0.11,-,-,"approved / BTC Interest Earned",2022-03-22 06:00:06
NXT4ugnRLsALlusH7ONnFShUI,Interest,BTC,0.00000279,BTC,0.00000279,$0.11,-,-,"approved / BTC Interest Earned",2022-03-21 06:00:06
NXT1X4GR3hG1swnyZ7e6Do5tp,Interest,BTC,0.00000279,BTC,0.00000279,$0.11,-,-,"approved / BTC Interest Earned",2022-03-20 06:00:06
NXT6OX0r4SE1PjEuse7Gy4jeT,Interest,BTC,0.00000279,BTC,0.00000279,$0.11,-,-,"approved / BTC Interest Earned",2022-03-19 06:00:06
NXT4WDuAOJzNHlqfOQdKMLCar,Interest,BTC,0.00000279,BTC,0.00000279,$0.11,-,-,"approved / BTC Interest Earned",2022-03-18 06:00:06
NXT49ysdm3KN3w4aVzuiQvShk,Interest,BTC,0.00000279,BTC,0.00000279,$0.11,-,-,"approved / BTC Interest Earned",2022-03-17 06:00:06
NXT5Kfa55GfB5fQze9REDcFd2,Interest,BTC,0.00000279,BTC,0.00000279,$0.10,-,-,"approved / BTC Interest Earned",2022-03-16 06:00:06
NXTegjbHbjbwqcPtVuf8wT9e,Interest,BTC,0.00000279,BTC,0.00000279,$0.10,-,-,"approved / BTC Interest Earned",2022-03-15 06:00:06
NXT2Dzrd5v1QcLWwAD6RgKVIJ,Interest,BTC,0.00000279,BTC,0.00000279,$0.10,-,-,"approved / BTC Interest Earned",2022-03-14 06:00:06
NXT6tpscOWOkAJrhd6SaX96R6,Interest,BTC,0.00000279,BTC,0.00000279,$0.10,-,-,"approved / BTC Interest Earned",2022-03-13 06:00:06
NXT5AeUYJUB33cto7ARTyTKXu,Interest,BTC,0.00000279,BTC,0.00000279,$0.10,-,-,"approved / BTC Interest Earned",2022-03-12 06:00:06
NXT53w3dDldKAQoE6OmU5e97j,Interest,BTC,0.00000279,BTC,0.00000279,$0.10,-,-,"approved / BTC Interest Earned",2022-03-11 06:00:06
NXT7hIPN00YQYAeYzlPNtkls3,Top up Crypto,BTC,0.02596557,BTC,0.02596557,$1099.07,-,-,"approved / 28b559fa45dc9dfe575528d54efa82e19a36d8c9b187a5d26aa4baf20230d4a2",2022-03-09 16:30:44
NXT2zZxm0w62NvEUdDR46Wwnb,Manual Sell Order,BTC,-0.01195376,BTC,0.01195376,$505.99,-,-,"approved / Crypto Repayment",2022-03-09 16:15:51
NXTZ2G3nKk9iyFPVjxA1pLg6,Withdrawal,BTC,-0.00163989,BTC,0.00163740,$64.75,0.00000249,BTC,"approved / BTC withdrawal",2022-02-26 03:12:28
NXT1W8UnA39gga3AYRok0CvUo,Withdrawal,BTC,-0.00163774,BTC,0.00163774,$64.74,-,-,"approved / BTC withdrawal",2022-02-26 02:33:16
NXT4fpkcwbgPWYZLUjgZdhzob,Transfer Out,BTC,-0.00206009,BTC,0.00206009,$81.60,-,-,"approved / Transfer from Savings Wallet to Credit Line Wallet",2022-02-26 02:30:39
NXT3e1dnnNHfeScoGLfhWA7Pj,Exchange,USDC,-82.31985100,BTC,0.00206009,$81.60,-,-,"approved / Exchange USD Coin to Bitcoin",2022-02-26 02:30:39
NXT6EAYtB9G4P9AwZRXroVema,Exchange Cashback,BTC,0.00001626,BTC,0.00001626,$0.64,-,-,"approved / 0.5% on top of your Exchange transaction",2022-02-26 02:28:48
NXT6fGFY8Jxg4n0otlZ1ewWqe,Exchange,NEXO,-61.00000000,BTC,0.00325313,$128.97,-,-,"approved / Exchange NEXO Token to Bitcoin",2022-02-26 02:28:45
NXTeL36N7Nu5bgb1g3yMec7q,Transfer Out,BTC,-0.02176859,BTC,0.02176859,$851.95,-,-,"approved / Transfer from Savings Wallet to Credit Line Wallet",2022-02-25 23:52:09
NXT1nEpsfr3wvMegCJyvQ3SwH,Interest,BTC,0.00000291,BTC,0.00000291,$0.11,-,-,"approved / BTC Interest Earned",2022-02-25 06:00:06
NXToEsh6Hbl1H3FXeqzdIPRl,Interest,BTC,0.00000291,BTC,0.00000291,$0.10,-,-,"approved / BTC Interest Earned",2022-02-24 06:00:06
NXT3FrmGqbx6uyDEnYbEXKcP5,Interest,BTC,0.00000291,BTC,0.00000291,$0.11,-,-,"approved / BTC Interest Earned",2022-02-23 06:00:07
NXT1F8pJP5SDfTYIE7sXL0L2V,Interest,BTC,0.00000290,BTC,0.00000290,$0.10,-,-,"approved / BTC Interest Earned",2022-02-22 06:00:08
NXT7VyTIZ9BzI8EcfDSILq5r7,Interest,BTC,0.00000290,BTC,0.00000290,$0.11,-,-,"approved / BTC Interest Earned",2022-02-21 06:00:08
NXT1efiq7dkBp2RNiHzncTEy6,Interest,BTC,0.00000290,BTC,0.00000290,$0.11,-,-,"approved / BTC Interest Earned",2022-02-20 06:00:07
NXT4govObW5anyEZ4l8HBrxLq,Interest,BTC,0.00000290,BTC,0.00000290,$0.11,-,-,"approved / BTC Interest Earned",2022-02-19 06:00:07
NXTe6UYrEh8JB0ayvkBPHwkK,Interest,BTC,0.00000290,BTC,0.00000290,$0.11,-,-,"approved / BTC Interest Earned",2022-02-18 06:00:07
NXT7013aQwiPLwMa2AjyqL1Ry,Interest,BTC,0.00000290,BTC,0.00000290,$0.12,-,-,"approved / BTC Interest Earned",2022-02-17 06:00:08
NXT5ttDwT3iG1mdov2Rt56E0C,Interest,BTC,0.00000290,BTC,0.00000290,$0.12,-,-,"approved / BTC Interest Earned",2022-02-16 06:00:08
NXT21Yp8ZAYMCHyOef0YA1BNv,Interest,BTC,0.00000290,BTC,0.00000290,$0.12,-,-,"approved / BTC Interest Earned",2022-02-15 06:00:09
NXTueWnDeecmM0rWJYFdDIOy,Interest,BTC,0.00000290,BTC,0.00000290,$0.12,-,-,"approved / BTC Interest Earned",2022-02-14 06:00:08
NXT4uuIRGkxNldtYjU6KI0yWP,Interest,BTC,0.00000290,BTC,0.00000290,$0.12,-,-,"approved / BTC Interest Earned",2022-02-13 06:00:07
NXTWDH4aoMgbjSA2XTXyFZUQ,Interest,BTC,0.00000290,BTC,0.00000290,$0.12,-,-,"approved / BTC Interest Earned",2022-02-12 06:00:08
NXT1cQiiDKoSYETg8MwvoXRgX,Interest,BTC,0.00000290,BTC,0.00000290,$0.12,-,-,"approved / BTC Interest Earned",2022-02-11 06:00:08
NXT5GnJzzIp0amDN1Lek1dYIs,Interest,BTC,0.00000290,BTC,0.00000290,$0.12,-,-,"approved / BTC Interest Earned",2022-02-10 06:00:05
NXT4UfR56rXhwaBdvDOFoY96m,Interest,BTC,0.00000290,BTC,0.00000290,$0.12,-,-,"approved / BTC Interest Earned",2022-02-09 06:00:06
NXT5fPPKnvrd4OhoFnrRKF6RI,Interest,BTC,0.00000290,BTC,0.00000290,$0.13,-,-,"approved / BTC Interest Earned",2022-02-08 06:00:06
NXT2kf6vOhdVtiSnMl3vRfR77,Interest,BTC,0.00000290,BTC,0.00000290,$0.12,-,-,"approved / BTC Interest Earned",2022-02-07 06:00:06
NXT6f2voA1NcwcuTFDJoxID17,Interest,BTC,0.00000290,BTC,0.00000290,$0.12,-,-,"approved / BTC Interest Earned",2022-02-06 06:00:06
NXT3ufPykiu4b41yg3QB0h6tj,Interest,BTC,0.00000290,BTC,0.00000290,$0.12,-,-,"approved / BTC Interest Earned",2022-02-05 06:00:06
NXT5aVB3SgG6cH7bontZ4y2Jv,Interest,BTC,0.00000290,BTC,0.00000290,$0.10,-,-,"approved / BTC Interest Earned",2022-02-04 06:00:06
NXTl6dVyMirNPexkLYWIXYmI,Interest,BTC,0.00000290,BTC,0.00000290,$0.10,-,-,"approved / BTC Interest Earned",2022-02-03 06:00:06
NXT3S4WGhEoEBLrH8uy6Md7kC,Interest,BTC,0.00000290,BTC,0.00000290,$0.11,-,-,"approved / BTC Interest Earned",2022-02-02 06:00:05
NXT5fy3khVpoFna1h7kKohDHt,Interest,BTC,0.00000290,BTC,0.00000290,$0.11,-,-,"approved / BTC Interest Earned",2022-02-01 06:00:05
NXTLl8DHMnWpSmzdjS8hSaBk,Interest,BTC,0.00000290,BTC,0.00000290,$0.10,-,-,"approved / BTC Interest Earned",2022-01-31 06:00:05
NXTR5FufIDiP0rTbboHC8YFP,Interest,BTC,0.00000290,BTC,0.00000290,$0.11,-,-,"approved / BTC Interest Earned",2022-01-30 06:00:05
NXT1pjRRPMiCsKTwOAAJRiL8I,Interest,BTC,0.00000290,BTC,0.00000290,$0.10,-,-,"approved / BTC Interest Earned",2022-01-29 06:00:05
NXT2KKZ3lHJMPE3L3fmlpPBgu,Interest,BTC,0.00000290,BTC,0.00000290,$0.10,-,-,"approved / BTC Interest Earned",2022-01-28 06:00:04
NXT5HJHiKtraV38rONWmfvqAO,Interest,BTC,0.00000289,BTC,0.00000289,$0.10,-,-,"approved / BTC Interest Earned",2022-01-27 06:00:04
NXTm5slqkcQESA8GVDEPoB1y,Interest,BTC,0.00000289,BTC,0.00000289,$0.10,-,-,"approved / BTC Interest Earned",2022-01-26 06:00:04
NXT3G2R7Jtzxth3cVir6V7bNl,Interest,BTC,0.00000289,BTC,0.00000289,$0.10,-,-,"approved / BTC Interest Earned",2022-01-25 06:00:05
NXT6fL3CXgk69OnJ5oeG5JMdW,Interest,BTC,0.00000289,BTC,0.00000289,$0.10,-,-,"approved / BTC Interest Earned",2022-01-24 06:00:04
NXT6xo408R3lTzCODc50zBcoR,Interest,BTC,0.00000289,BTC,0.00000289,$0.10,-,-,"approved / BTC Interest Earned",2022-01-23 06:00:04
NXT4fQS6MaLZ40KkbDfpH8QVj,Interest,BTC,0.00000289,BTC,0.00000289,$0.10,-,-,"approved / BTC Interest Earned",2022-01-22 06:00:04
NXT1PCImmTNDhYnPgZjgLQvIX,Interest,BTC,0.00000289,BTC,0.00000289,$0.11,-,-,"approved / BTC Interest Earned",2022-01-21 06:00:04
NXT4F6Wh4XJ7tqTuziBfx4t6t,Interest,BTC,0.00000289,BTC,0.00000289,$0.12,-,-,"approved / BTC Interest Earned",2022-01-20 06:00:04
NXT3vDd1GsD2SdPYbRLCYcD54,Interest,BTC,0.00000289,BTC,0.00000289,$0.12,-,-,"approved / BTC Interest Earned",2022-01-19 06:00:04
NXT1MU8tO0fANOnaXaGskPyOy,Interest,BTC,0.00000289,BTC,0.00000289,$0.12,-,-,"approved / BTC Interest Earned",2022-01-18 06:00:04
NXT3x45IaoL4AJRLed1dTYghT,Interest,BTC,0.00000289,BTC,0.00000289,$0.12,-,-,"approved / BTC Interest Earned",2022-01-17 06:00:03
NXT70tNOK1Rzp9cFCdBR2VWnZ,Interest,BTC,0.00000289,BTC,0.00000289,$0.12,-,-,"approved / BTC Interest Earned",2022-01-16 06:00:04
NXT6ArauXVuo19cZpwDj2CFJE,Interest,BTC,0.00000289,BTC,0.00000289,$0.12,-,-,"approved / BTC Interest Earned",2022-01-15 06:00:04
NXT2xLctxBHwNsK1a0SAMMaab,Interest,BTC,0.00000289,BTC,0.00000289,$0.12,-,-,"approved / BTC Interest Earned",2022-01-14 06:00:04
NXT4cTGu9RmYACP6IBzC01Uk9,Interest,BTC,0.00000289,BTC,0.00000289,$0.12,-,-,"approved / BTC Interest Earned",2022-01-13 06:00:04
NXT4kUDRGd4S2RAsxtLH4fYOu,Interest,BTC,0.00000289,BTC,0.00000289,$0.12,-,-,"approved / BTC Interest Earned",2022-01-12 06:00:03
NXT4qbfX9E4LQ9nA8EkkSsdXo,Interest,BTC,0.00000289,BTC,0.00000289,$0.12,-,-,"approved / BTC Interest Earned",2022-01-11 06:00:04
NXT1NOxZP1Dw683d1KAg5gZsA,Interest,BTC,0.00000289,BTC,0.00000289,$0.12,-,-,"approved / BTC Interest Earned",2022-01-10 06:00:04
NXT25l2PEb0CJV5RibZgFKKNS,Interest,BTC,0.00000289,BTC,0.00000289,$0.12,-,-,"approved / BTC Interest Earned",2022-01-09 06:00:05
NXT4AechdWPZicOP5jCUfZOD4,Interest,BTC,0.00000289,BTC,0.00000289,$0.12,-,-,"approved / BTC Interest Earned",2022-01-08 06:00:04
NXT41eMIr37TP9RbNO2mDJCoV,Interest,BTC,0.00000289,BTC,0.00000289,$0.12,-,-,"approved / BTC Interest Earned",2022-01-07 06:00:05
NXT3ABdAE6t6FCEyxyYLQxgRs,Interest,BTC,0.00000289,BTC,0.00000289,$0.12,-,-,"approved / BTC Interest Earned",2022-01-06 06:00:04
NXT71QUKMSJx9OCcovAkFAS9c,Interest,BTC,0.00000289,BTC,0.00000289,$0.13,-,-,"approved / BTC Interest Earned",2022-01-05 06:00:05
NXT73c4sAMFaukZ3tK98FhtEt,Interest,BTC,0.00000289,BTC,0.00000289,$0.13,-,-,"approved / BTC Interest Earned",2022-01-04 06:00:04
NXT13skymI2FR2bmu7hEonk7a,Interest,BTC,0.00000289,BTC,0.00000289,$0.13,-,-,"approved / BTC Interest Earned",2022-01-03 06:00:05
NXT21ZGAPgb5rofrWv1Er8nKd,Interest,BTC,0.00000289,BTC,0.00000289,$0.13,-,-,"approved / BTC Interest Earned",2022-01-02 06:00:05
NXT3UsmIhPkePofwpZBQEIX46,Interest,BTC,0.00000288,BTC,0.00000288,$0.13,-,-,"approved / BTC Interest Earned",2022-01-01 06:00:05
NXT1VExUVt479Gmsmv363jNG7,Interest,BTC,0.00000288,BTC,0.00000288,$0.13,-,-,"approved / BTC Interest Earned",2021-12-31 06:00:05
NXT28m1sRf2kgxaKaTPRrjPbo,Interest,BTC,0.00000288,BTC,0.00000288,$0.13,-,-,"approved / BTC Interest Earned",2021-12-30 06:00:04
NXT4HfQggqX1NY2v4npKY0cw9,Interest,BTC,0.00000288,BTC,0.00000288,$0.13,-,-,"approved / BTC Interest Earned",2021-12-29 06:00:05
NXT4FQeqb5U7YeGu4wmvi88IP,Interest,BTC,0.00000288,BTC,0.00000288,$0.14,-,-,"approved / BTC Interest Earned",2021-12-28 06:00:05
NXT1ZijP4FgSh00ZMrYJJROaM,Interest,BTC,0.00000288,BTC,0.00000288,$0.14,-,-,"approved / BTC Interest Earned",2021-12-27 06:00:05
NXT43aOgyTXBMIFJEEJUOX9W,Interest,BTC,0.00000288,BTC,0.00000288,$0.14,-,-,"approved / BTC Interest Earned",2021-12-26 06:00:04
NXT344ZXmUwfWJhOOWogClNf0,Interest,BTC,0.00000288,BTC,0.00000288,$0.14,-,-,"approved / BTC Interest Earned",2021-12-25 06:00:04
NXT6kcHlBLNg0CAie2GGhNBM6,Interest,BTC,0.00000288,BTC,0.00000288,$0.14,-,-,"approved / BTC Interest Earned",2021-12-24 06:00:04
NXT4tBxNBsBpDFGwGrUm9AwJ5,Interest,BTC,0.00000288,BTC,0.00000288,$0.13,-,-,"approved / BTC Interest Earned",2021-12-23 06:00:04
NXT29eLy4muoCLsIFpsdxEOlA,Interest,BTC,0.00000288,BTC,0.00000288,$0.14,-,-,"approved / BTC Interest Earned",2021-12-22 06:00:04
NXT1a4V3A9GQTDMb3RcVqifhQ,Interest,BTC,0.00000288,BTC,0.00000288,$0.14,-,-,"approved / BTC Interest Earned",2021-12-21 06:00:05
NXT6Owo8X3a4UepRslXhu3ygQ,Interest,BTC,0.00000288,BTC,0.00000288,$0.13,-,-,"approved / BTC Interest Earned",2021-12-20 06:00:05
NXT79MDzQbAdCMOcXnSsLVuZ,Interest,BTC,0.00000288,BTC,0.00000288,$0.13,-,-,"approved / BTC Interest Earned",2021-12-19 06:00:05
NXT64qZadScsUKZbMke1YvSzC,Interest,BTC,0.00000288,BTC,0.00000288,$0.13,-,-,"approved / BTC Interest Earned",2021-12-18 06:00:04
NXTA1YaWTt3iHX6Bi5ezlWDc,Interest,BTC,0.00000288,BTC,0.00000288,$0.13,-,-,"approved / BTC Interest Earned",2021-12-17 06:00:05
NXT3YousfR8WFHvuZYTEnrbF6,Interest,BTC,0.00000288,BTC,0.00000288,$0.13,-,-,"approved / BTC Interest Earned",2021-12-16 06:00:05
NXT2xXsaAn4c0nZVqCkSeFaWq,Interest,BTC,0.00000288,BTC,0.00000288,$0.13,-,-,"approved / BTC Interest Earned",2021-12-15 06:00:04
NXT78qaVEn7Li7YEy3sx7aboc,Interest,BTC,0.00000288,BTC,0.00000288,$0.13,-,-,"approved / BTC Interest Earned",2021-12-14 06:00:05
NXT3cy3eeQEVpDOZHTzTl5pYx,Interest,BTC,0.00000288,BTC,0.00000288,$0.14,-,-,"approved / BTC Interest Earned",2021-12-13 06:00:05
NXTqRDtMUDOp9bh6ISubhPMF,Interest,BTC,0.00000288,BTC,0.00000288,$0.14,-,-,"approved / BTC Interest Earned",2021-12-12 06:00:04
NXT6NVTzcWAPv1dOUn2YwlBUC,Interest,BTC,0.00000288,BTC,0.00000288,$0.13,-,-,"approved / BTC Interest Earned",2021-12-11 06:00:04
NXT50SCe0H34GcEAeqXOdWcON,Interest,BTC,0.00000288,BTC,0.00000288,$0.13,-,-,"approved / BTC Interest Earned",2021-12-10 06:00:04
NXT38kqjC4VmfD4SAWjWckNE6,Interest,BTC,0.00000288,BTC,0.00000288,$0.14,-,-,"approved / BTC Interest Earned",2021-12-09 06:00:05
NXT1FfV6ZcnpPKab3dFqiCPMP,Interest,BTC,0.00000288,BTC,0.00000288,$0.14,-,-,"approved / BTC Interest Earned",2021-12-08 06:00:05
NXT3RWBbRBifi9Rh2xCjqnYSE,Interest,BTC,0.00000288,BTC,0.00000288,$0.14,-,-,"approved / BTC Interest Earned",2021-12-07 06:00:05
NXT3yZxzLRHHjOwuckQ2zyAhJ,Interest,BTC,0.00000287,BTC,0.00000287,$0.14,-,-,"approved / BTC Interest Earned",2021-12-06 06:00:04
NXT4YkDNDffFOwyWZk2D0TAe3,Interest,BTC,0.00000287,BTC,0.00000287,$0.14,-,-,"approved / BTC Interest Earned",2021-12-05 06:00:04
NXT72w9wzomacoryuOhTc36RL,Interest,BTC,0.00000287,BTC,0.00000287,$0.14,-,-,"approved / BTC Interest Earned",2021-12-04 06:00:04
NXT2Cofgc7suZXQbC7SEi4NuG,Interest,BTC,0.00000287,BTC,0.00000287,$0.16,-,-,"approved / BTC Interest Earned",2021-12-03 06:00:04
NXT43VRmJNgV3Ft8dOA1WoMeT,Interest,BTC,0.00000287,BTC,0.00000287,$0.16,-,-,"approved / BTC Interest Earned",2021-12-02 06:00:04
NXT1vosc5uHetGUUgZF2phWmq,Interest,BTC,0.00000287,BTC,0.00000287,$0.16,-,-,"approved / BTC Interest Earned",2021-12-01 06:00:05
NXT6FgxK0TDKhU3rVoYLCKPaE,Interest,BTC,0.00000287,BTC,0.00000287,$0.16,-,-,"approved / BTC Interest Earned",2021-11-30 06:00:04
NXT5hZNoqAlVFXycAM3947CNn,Interest,BTC,0.00000287,BTC,0.00000287,$0.16,-,-,"approved / BTC Interest Earned",2021-11-29 06:00:04
NXT4lQ1zbgcO0C4SmDHkhtvpS,Interest,BTC,0.00000287,BTC,0.00000287,$0.16,-,-,"approved / BTC Interest Earned",2021-11-28 06:00:04
NXT1tqLANCNLYcr2deA7f2Ptp,Interest,BTC,0.00000287,BTC,0.00000287,$0.16,-,-,"approved / BTC Interest Earned",2021-11-27 06:00:04
NXT4ep39TqFcolL49LUZNtzc,Interest,BTC,0.00000287,BTC,0.00000287,$0.17,-,-,"approved / BTC Interest Earned",2021-11-26 06:00:04
NXT4Yro1ySszI2fvLHg4pwFQ9,Interest,BTC,0.00000287,BTC,0.00000287,$0.16,-,-,"approved / BTC Interest Earned",2021-11-25 06:00:05
NXT2lzRhj0lwsNY25yHB0Yga5,Interest,BTC,0.00000287,BTC,0.00000287,$0.16,-,-,"approved / BTC Interest Earned",2021-11-24 06:00:05
NXT3O3Nr4DaVllg9AtwXD01Bc,Interest,BTC,0.00000287,BTC,0.00000287,$0.16,-,-,"approved / BTC Interest Earned",2021-11-23 00:00:04
NXTVwoBlgXyKiikOTeCqxD3k,Interest,BTC,0.00000287,BTC,0.00000287,$0.17,-,-,"approved / BTC Interest Earned",2021-11-22 00:00:05
NXT1ZSwX53RdWP4OfTyy9em0h,Interest,BTC,0.00000287,BTC,0.00000287,$0.17,-,-,"approved / BTC Interest Earned",2021-11-21 00:00:05
NXT5IJSBm8sg4LaKPl1hoUUgT,Interest,BTC,0.00000287,BTC,0.00000287,$0.17,-,-,"approved / BTC Interest Earned",2021-11-20 00:00:05
NXT7kBlJ2ZRKgrBYw4DqUpYc3,Interest,BTC,0.00000287,BTC,0.00000287,$0.16,-,-,"approved / BTC Interest Earned",2021-11-19 00:00:05
NXT7gmZD9Snr9vCzzjFEuoCD1,Interest,BTC,0.00000287,BTC,0.00000287,$0.17,-,-,"approved / BTC Interest Earned",2021-11-18 00:00:03
NXT34uyRUGc8FYFzNwDH9IbOw,Interest,BTC,0.00000287,BTC,0.00000287,$0.17,-,-,"approved / BTC Interest Earned",2021-11-17 00:00:03
NXT25WqMLNiG286uwSiSfnx6Z,Interest,BTC,0.00000287,BTC,0.00000287,$0.18,-,-,"approved / BTC Interest Earned",2021-11-16 00:00:04
NXT3cAmXWBTwEhC4Pr2APnoJx,Interest,BTC,0.00000287,BTC,0.00000287,$0.19,-,-,"approved / BTC Interest Earned",2021-11-15 00:00:04
NXT5EpWnn3KPb6vI9UnVfBmKH,Interest,BTC,0.00000287,BTC,0.00000287,$0.18,-,-,"approved / BTC Interest Earned",2021-11-14 00:00:03
NXT5zeoM1Ra14bgenAiFZC4YP,Interest,BTC,0.00000287,BTC,0.00000287,$0.18,-,-,"approved / BTC Interest Earned",2021-11-13 00:00:04
NXTEIaQJVXqHO3QHY1plXDRy,Interest,BTC,0.00000287,BTC,0.00000287,$0.19,-,-,"approved / BTC Interest Earned",2021-11-12 00:00:03
NXTMRvZBh0nhbi5vOWm8LAns,Interest,BTC,0.00000286,BTC,0.00000286,$0.19,-,-,"approved / BTC Interest Earned",2021-11-11 00:00:04
NXT3SDNyPxBavYoR5kX7a9ary,Interest,BTC,0.00000286,BTC,0.00000286,$0.19,-,-,"approved / BTC Interest Earned",2021-11-10 00:00:04
NXT5AA79RfwqUVXkQoPfVdzgf,Interest,BTC,0.00000286,BTC,0.00000286,$0.19,-,-,"approved / BTC Interest Earned",2021-11-09 00:00:04
NXT5ag7QoxQ7YFRXulI628nBj,Interest,BTC,0.00000286,BTC,0.00000286,$0.18,-,-,"approved / BTC Interest Earned",2021-11-08 00:00:04
NXT4XcZNulD1i8Ob11GBWOJ70,Interest,BTC,0.00000286,BTC,0.00000286,$0.18,-,-,"approved / BTC Interest Earned",2021-11-07 00:00:04
NXT6wCpAPVSBRXY2gl5OOvVqH,Interest,BTC,0.00000286,BTC,0.00000286,$0.18,-,-,"approved / BTC Interest Earned",2021-11-06 00:00:04
NXT66DMRSfCfpPZjEJ5zqY2Z0,Interest,BTC,0.00000286,BTC,0.00000286,$0.18,-,-,"approved / BTC Interest Earned",2021-11-05 00:00:04
NXT2oOIWTP79WtFCEEPiktthj,Interest,BTC,0.00000286,BTC,0.00000286,$0.18,-,-,"approved / BTC Interest Earned",2021-11-04 00:00:04
NXT7USc2gEmphf9SPKFgSq1QO,Interest,BTC,0.00000286,BTC,0.00000286,$0.18,-,-,"approved / BTC Interest Earned",2021-11-03 00:00:04
NXT6Ili8xj3CQbI89FK8kGoIB,Interest,BTC,0.00000286,BTC,0.00000286,$0.17,-,-,"approved / BTC Interest Earned",2021-11-02 00:00:04
NXT5UEDBZeEgMbpmGaBnLwGCJ,Interest,BTC,0.00000286,BTC,0.00000286,$0.18,-,-,"approved / BTC Interest Earned",2021-11-01 00:00:03
NXT6SDIiEKRr6Jsocr7hT4xYx,Interest,BTC,0.00000286,BTC,0.00000286,$0.18,-,-,"approved / BTC Interest Earned",2021-10-30 23:00:03
NXT3qE1VogQxI64KCJEsM08WY,Interest,BTC,0.00000286,BTC,0.00000286,$0.18,-,-,"approved / BTC Interest Earned",2021-10-29 23:00:03
NXT7WYcG0wxqpFAxAn4hZsmoC,Interest,BTC,0.00000286,BTC,0.00000286,$0.17,-,-,"approved / BTC Interest Earned",2021-10-28 23:00:03
NXT2bfscCcYCgxz253GVaIACe,Interest,BTC,0.00000286,BTC,0.00000286,$0.17,-,-,"approved / BTC Interest Earned",2021-10-27 23:00:04
NXT11yZHIy78FksATdIF5OTM6,Interest,BTC,0.00000286,BTC,0.00000286,$0.17,-,-,"approved / BTC Interest Earned",2021-10-26 23:00:03
NXT37LBAHdXZw30SaxotEjFkz,Interest,BTC,0.00000286,BTC,0.00000286,$0.18,-,-,"approved / BTC Interest Earned",2021-10-25 23:00:04
NXT7VCDGeqqFk6qsYRH8uv6SS,Interest,BTC,0.00000286,BTC,0.00000286,$0.17,-,-,"approved / BTC Interest Earned",2021-10-24 23:00:03
NXT44wBPuE2uLbq1fkVMuvbr5,Interest,BTC,0.00000286,BTC,0.00000286,$0.17,-,-,"approved / BTC Interest Earned",2021-10-23 23:00:03
NXT6kutf17aWqtsJGg23B6Qpy,Interest,BTC,0.00000286,BTC,0.00000286,$0.17,-,-,"approved / BTC Interest Earned",2021-10-22 23:00:03
NXT4fhFcaAovM0JjzCMTAtOvd,Interest,BTC,0.00000258,BTC,0.00000258,$0.16,-,-,"approved / BTC Interest Earned",2021-10-21 23:00:04
NXT2lJAjw0920Zc6fMKZf5QV2,Interest,BTC,0.00000258,BTC,0.00000258,$0.17,-,-,"approved / BTC Interest Earned",2021-10-20 23:00:04
NXT2JHH1kBJdqz9e1v4Me4TDO,Interest,BTC,0.00000258,BTC,0.00000258,$0.17,-,-,"approved / BTC Interest Earned",2021-10-19 23:00:03
NXT22bFv4P1WdgBBtdGgd0Zi4,Interest,BTC,0.00000258,BTC,0.00000258,$0.16,-,-,"approved / BTC Interest Earned",2021-10-18 23:00:03
NXT6SR03ua2V8cy2zhHagO7TQ,Interest,BTC,0.00000258,BTC,0.00000258,$0.16,-,-,"approved / BTC Interest Earned",2021-10-17 23:00:04
NXT37hDAswAobhOvyJLkKhWVQ,Interest,BTC,0.00000258,BTC,0.00000258,$0.16,-,-,"approved / BTC Interest Earned",2021-10-16 23:00:03
NXThFYhnidQb5l8Y3BkZ65aO,Interest,BTC,0.00000258,BTC,0.00000258,$0.16,-,-,"approved / BTC Interest Earned",2021-10-15 23:00:03
NXT5AMZuvINIfAWb1x7AzOozu,Interest,BTC,0.00000258,BTC,0.00000258,$0.15,-,-,"approved / BTC Interest Earned",2021-10-14 23:00:03
NXT3s2bry3OLzJR3QetGyuUbS,Interest,BTC,0.00000257,BTC,0.00000257,$0.15,-,-,"approved / BTC Interest Earned",2021-10-13 23:00:03
NXT5ctHq9jxbxPfcY0OKge2WC,Interest,BTC,0.00000257,BTC,0.00000257,$0.14,-,-,"approved / BTC Interest Earned",2021-10-12 23:00:03
NXTYsp6ERJwghKQ2s7TvrwxH,Interest,BTC,0.00000257,BTC,0.00000257,$0.15,-,-,"approved / BTC Interest Earned",2021-10-11 23:00:03
NXT6OFbZicRkP2ZpjqPoczBSR,Interest,BTC,0.00000257,BTC,0.00000257,$0.14,-,-,"approved / BTC Interest Earned",2021-10-10 23:00:04
NXT5jYkUxz5rXD2T4po941Jhy,Interest,BTC,0.00000257,BTC,0.00000257,$0.14,-,-,"approved / BTC Interest Earned",2021-10-09 23:00:04
NXTEZbageofiWL0ibcOAijFY,Interest,BTC,0.00000257,BTC,0.00000257,$0.14,-,-,"approved / BTC Interest Earned",2021-10-08 23:00:03
NXT1q3SqGKTlTIv66rjbe0lQp,Interest,BTC,0.00000257,BTC,0.00000257,$0.14,-,-,"approved / BTC Interest Earned",2021-10-07 23:00:03
NXT4wo7BqNicoeCcNuyRgT51c,Interest,BTC,0.00000257,BTC,0.00000257,$0.14,-,-,"approved / BTC Interest Earned",2021-10-06 23:00:04
NXT3NLfDRQaWaMvn3up2JW0Hc,Interest,BTC,0.00000257,BTC,0.00000257,$0.13,-,-,"approved / BTC Interest Earned",2021-10-05 23:00:03
NXT6jqdx1uSrOS650ZYQu5w3w,Interest,BTC,0.00000257,BTC,0.00000257,$0.13,-,-,"approved / BTC Interest Earned",2021-10-04 23:00:04
NXTxmK4ItNe2r8ztpIb8hkq1,Interest,BTC,0.00000257,BTC,0.00000257,$0.12,-,-,"approved / BTC Interest Earned",2021-10-03 23:00:03
NXT78RolDTCqlawFBxVWX2dYJ,Interest,BTC,0.00000257,BTC,0.00000257,$0.12,-,-,"approved / BTC Interest Earned",2021-10-02 23:00:03
NXT6eSNZEjk7IFF7VFr3aepMS,Interest,BTC,0.00000257,BTC,0.00000257,$0.12,-,-,"approved / BTC Interest Earned",2021-10-01 23:00:03
NXT72S9hOtqAnhbsFmqRT4Lb3,Interest,BTC,0.00000257,BTC,0.00000257,$0.11,-,-,"approved / BTC Interest Earned",2021-09-30 23:00:03
NXTxL7S7h11DVeIVgc8QQD1Y,Interest,BTC,0.00000257,BTC,0.00000257,$0.11,-,-,"approved / BTC Interest Earned",2021-09-29 23:00:03
NXT5B5dSJgKRTUmF2MF6nCKrZ,Interest,BTC,0.00000257,BTC,0.00000257,$0.11,-,-,"approved / BTC Interest Earned",2021-09-28 23:00:03
NXT4aoCPwfYAX0UH0GhfiIJ4x,Interest,BTC,0.00000257,BTC,0.00000257,$0.11,-,-,"approved / BTC Interest Earned",2021-09-27 23:00:03
NXT6SN8OW1cNpH8ug7sr3Z6KV,Interest,BTC,0.00000257,BTC,0.00000257,$0.11,-,-,"approved / BTC Interest Earned",2021-09-26 23:00:04
NXT6MFfmaujDvQsk0a2tpW2wV,Interest,BTC,0.00000257,BTC,0.00000257,$0.11,-,-,"approved / BTC Interest Earned",2021-09-25 23:00:03
NXT5TZkzdo5O66wjUZ59SBhZl,Interest,BTC,0.00000257,BTC,0.00000257,$0.11,-,-,"approved / BTC Interest Earned",2021-09-24 23:00:03
NXT6xJOysBYpZVt4zSUvH2F8A,Interest,BTC,0.00000257,BTC,0.00000257,$0.12,-,-,"approved / BTC Interest Earned",2021-09-23 23:00:04
NXT7EUo3ybwbrl74i8UvRauRX,Interest,BTC,0.00000257,BTC,0.00000257,$0.11,-,-,"approved / BTC Interest Earned",2021-09-22 23:00:03
NXT7Wz9e7494mwbDyc3YNkIjH,Interest,BTC,0.00000257,BTC,0.00000257,$0.10,-,-,"approved / BTC Interest Earned",2021-09-21 23:00:03
NXT3NByTgP17ji6Ln2QwhiFcg,Interest,BTC,0.00000257,BTC,0.00000257,$0.11,-,-,"approved / BTC Interest Earned",2021-09-20 23:00:04
NXT2C9gLchSBHiTQ4FqFjrbjf,Interest,BTC,0.00000257,BTC,0.00000257,$0.12,-,-,"approved / BTC Interest Earned",2021-09-19 23:00:04
NXT4IocJePEfvxHaaNW21PwIB,Interest,BTC,0.00000257,BTC,0.00000257,$0.12,-,-,"approved / BTC Interest Earned",2021-09-18 23:00:03
NXTJcf3LlMsJYyHxsp5wU6kU,Interest,BTC,0.00000257,BTC,0.00000257,$0.12,-,-,"approved / BTC Interest Earned",2021-09-17 23:00:03
NXT3RhMxh8W9QCyeMUFeYPyyW,Interest,BTC,0.00000257,BTC,0.00000257,$0.12,-,-,"approved / BTC Interest Earned",2021-09-16 23:00:03
NXT6LQb2F3I4bvOmgEfp8KUCF,Interest,BTC,0.00000257,BTC,0.00000257,$0.12,-,-,"approved / BTC Interest Earned",2021-09-15 23:00:03
NXT2lKCOmkSzH9gAk7DzjJ15Z,Interest,BTC,0.00000257,BTC,0.00000257,$0.12,-,-,"approved / BTC Interest Earned",2021-09-14 23:00:03
NXT2dV3M0IT4RZIp1yhDRq2o2,Interest,BTC,0.00000257,BTC,0.00000257,$0.12,-,-,"approved / BTC Interest Earned",2021-09-13 23:00:03
NXT4ID44faeCj0wsh8L9R5MPi,Interest,BTC,0.00000257,BTC,0.00000257,$0.12,-,-,"approved / BTC Interest Earned",2021-09-12 23:00:03
NXT2GPV8H7nuAxQy8V99NDTGP,Interest,BTC,0.00000257,BTC,0.00000257,$0.12,-,-,"approved / BTC Interest Earned",2021-09-11 23:00:03
NXT43cA0ltbimETBV0lmS2GV5,Interest,BTC,0.00000256,BTC,0.00000256,$0.11,-,-,"approved / BTC Interest Earned",2021-09-10 23:00:03
NXT7JjRvRqg3oXXTDrw7fHviv,Interest,BTC,0.00000256,BTC,0.00000256,$0.12,-,-,"approved / BTC Interest Earned",2021-09-09 23:00:04
NXT4r3RXxkOQ7TH936RE6Jcnu,Interest,BTC,0.00000284,BTC,0.00000284,$0.13,-,-,"approved / BTC Interest Earned",2021-09-08 23:00:03
NXT5IqUts4h5wUzecuGhEJ60l,Interest,BTC,0.00000256,BTC,0.00000256,$0.12,-,-,"approved / BTC Interest Earned",2021-09-07 23:00:03
NXT8PLWqrn4WPGdMPXxvTuht,Interest,BTC,0.00000256,BTC,0.00000256,$0.13,-,-,"approved / BTC Interest Earned",2021-09-06 23:00:03
NXT1UXpxPJ701fApVlNeUUDuS,Interest,BTC,0.00000256,BTC,0.00000256,$0.13,-,-,"approved / BTC Interest Earned",2021-09-05 23:00:04
NXT63tkvdfZrvWGDcrw15a7fK,Interest,BTC,0.00000284,BTC,0.00000284,$0.14,-,-,"approved / BTC Interest Earned",2021-09-04 23:00:03
NXT2ABR02OBRZVJodv6UYzh7J,Interest,BTC,0.00000284,BTC,0.00000284,$0.14,-,-,"approved / BTC Interest Earned",2021-09-03 23:00:03
NXT25d2ty9EYSDnNExG2P1P0W,Interest,BTC,0.00000284,BTC,0.00000284,$0.14,-,-,"approved / BTC Interest Earned",2021-09-02 23:00:03
NXT68zp3sU6p0WmBpbSrK5NfE,Interest,BTC,0.00000284,BTC,0.00000284,$0.14,-,-,"approved / BTC Interest Earned",2021-09-01 23:00:03
NXT5fWVAVpaV5rHhQwLL6EF8S,Interest,BTC,0.00000284,BTC,0.00000284,$0.13,-,-,"approved / BTC Interest Earned",2021-08-31 23:00:03
NXT6AJ8lGsk34BTBcxHjh7DWg,Interest,BTC,0.00000284,BTC,0.00000284,$0.14,-,-,"approved / BTC Interest Earned",2021-08-30 23:00:03
NXT6Yl3dBEiB1mrKuRkx0hXLc,Interest,BTC,0.00000256,BTC,0.00000256,$0.13,-,-,"approved / BTC Interest Earned",2021-08-29 23:00:03
NXT6u6kwKFQ3vt4YquU9PsvY3,Interest,BTC,0.00000284,BTC,0.00000284,$0.14,-,-,"approved / BTC Interest Earned",2021-08-28 23:00:03
NXT1Ub6JoZHS5QfNvQStySy3I,Interest,BTC,0.00000284,BTC,0.00000284,$0.14,-,-,"approved / BTC Interest Earned",2021-08-27 23:00:04
NXTT3kYGEoB9Q3eenL2rLqyu,Interest,BTC,0.00000284,BTC,0.00000284,$0.13,-,-,"approved / BTC Interest Earned",2021-08-26 23:00:03
NXT67UpzRTu9kZEPKyMyOlxkp,Interest,BTC,0.00000284,BTC,0.00000284,$0.14,-,-,"approved / BTC Interest Earned",2021-08-25 23:00:03
NXT4jVi5IrjcopLsTC4iSeTQv,Interest,BTC,0.00000284,BTC,0.00000284,$0.14,-,-,"approved / BTC Interest Earned",2021-08-24 23:00:03
NXT6NAjueA4kElD7i421svCpk,Interest,BTC,0.00000284,BTC,0.00000284,$0.14,-,-,"approved / BTC Interest Earned",2021-08-23 23:00:04
NXT4PGjOfPAg7u8lytIpCUqBM,Interest,BTC,0.00000256,BTC,0.00000256,$0.13,-,-,"approved / BTC Interest Earned",2021-08-22 23:00:03
NXT2aBOKotk1GLzIhYb7MRSBu,Interest,BTC,0.00000256,BTC,0.00000256,$0.13,-,-,"approved / BTC Interest Earned",2021-08-21 23:00:03
NXT7QdIjQGaFWetv867sXHlOj,Interest,BTC,0.00000256,BTC,0.00000256,$0.13,-,-,"approved / BTC Interest Earned",2021-08-20 23:00:03
NXT6SJQ7eqxjHTLk2B5QBipak,Interest,BTC,0.00000284,BTC,0.00000284,$0.13,-,-,"approved / BTC Interest Earned",2021-08-19 23:00:03
NXT6PKm8g582pGB7xTUBPInQe,Interest,BTC,0.00000283,BTC,0.00000283,$0.13,-,-,"approved / BTC Interest Earned",2021-08-18 23:00:03
NXT2ytkrHjAPUcTZGXEqEIkfz,Interest,BTC,0.00000283,BTC,0.00000283,$0.13,-,-,"approved / BTC Interest Earned",2021-08-17 23:00:03
NXT5zkd6Yeo4je4xlOS38YY8I,Interest,BTC,0.00000283,BTC,0.00000283,$0.13,-,-,"approved / BTC Interest Earned",2021-08-16 23:00:03
NXT69uEFnjLnREUHJNE3MpnkQ,Interest,BTC,0.00000283,BTC,0.00000283,$0.13,-,-,"approved / BTC Interest Earned",2021-08-15 23:00:04
NXT5A9iYHOL0GdnJu67yAUo5d,Interest,BTC,0.00000283,BTC,0.00000283,$0.13,-,-,"approved / BTC Interest Earned",2021-08-14 23:00:03
NXT1ronHf6naaiRPDQY4ienpP,Interest,BTC,0.00000283,BTC,0.00000283,$0.13,-,-,"approved / BTC Interest Earned",2021-08-13 23:00:03
NXT3DlmRiKiLsS9EtqQRHou2h,Interest,BTC,0.00000283,BTC,0.00000283,$0.12,-,-,"approved / BTC Interest Earned",2021-08-12 23:00:03
NXTjvQpkdF9fKLrsaptQUmKC,Interest,BTC,0.00000283,BTC,0.00000283,$0.13,-,-,"approved / BTC Interest Earned",2021-08-11 23:00:03
NXT3IF8QHax2udCyFvJJkTJBw,Interest,BTC,0.00000283,BTC,0.00000283,$0.13,-,-,"approved / BTC Interest Earned",2021-08-10 23:00:03
NXT6qvzzk5VhykMkTkUPFlzBJ,Interest,BTC,0.00000255,BTC,0.00000255,$0.12,-,-,"approved / BTC Interest Earned",2021-08-09 23:00:03
NXT7eUwBAVOtNib1By22apAGv,Interest,BTC,0.00000255,BTC,0.00000255,$0.11,-,-,"approved / BTC Interest Earned",2021-08-08 23:00:03
NXTtEMqjbY6xOe15UYxSBcsM,Interest,BTC,0.00000255,BTC,0.00000255,$0.11,-,-,"approved / BTC Interest Earned",2021-08-07 23:00:03
NXT3tX4CsPsQWlEk97p39tD1C,Interest,BTC,0.00000241,BTC,0.00000241,$0.10,-,-,"approved / BTC Interest Earned",2021-08-06 23:00:03
NXT360IZPnBY9xBJckKG8Jedw,Interest,BTC,0.00000241,BTC,0.00000241,$0.10,-,-,"approved / BTC Interest Earned",2021-08-05 23:00:03
NXTGogXcTDf8OKGDMjJ5y6te,Interest,BTC,0.00000241,BTC,0.00000241,$0.10,-,-,"approved / BTC Interest Earned",2021-08-04 23:00:03
NXT3aQBWitW8F0hgdHYntwWHm,Interest,BTC,0.00000241,BTC,0.00000241,$0.09,-,-,"approved / BTC Interest Earned",2021-08-03 23:00:04
NXTHFZ5hvG6CRPq1cyvj9Yvl,Interest,BTC,0.00000241,BTC,0.00000241,$0.10,-,-,"approved / BTC Interest Earned",2021-08-02 23:00:03
NXTx0BACjgucUKhy2j9UiFDV,Interest,BTC,0.00000241,BTC,0.00000241,$0.10,-,-,"approved / BTC Interest Earned",2021-08-01 23:00:03
NXT1Cwj41Au0kPG9z8VUoCjFe,Interest,BTC,0.00000255,BTC,0.00000255,$0.11,-,-,"approved / BTC Interest Earned",2021-07-31 23:00:04
NXT74E5aooc2DpIWZuMuNV1zR,Interest,BTC,0.00000241,BTC,0.00000241,$0.10,-,-,"approved / BTC Interest Earned",2021-07-30 23:00:03
NXT5oLal7ZVYa0sZY0X3VUzZD,Interest,BTC,0.00000241,BTC,0.00000241,$0.10,-,-,"approved / BTC Interest Earned",2021-07-29 23:00:03
NXThBSEyIyvHDgHcRLjoxVAM,Interest,BTC,0.00000241,BTC,0.00000241,$0.10,-,-,"approved / BTC Interest Earned",2021-07-28 23:00:04
NXT6nyY4BOxvvnO2ER3S10BrY,Interest,BTC,0.00000241,BTC,0.00000241,$0.09,-,-,"approved / BTC Interest Earned",2021-07-27 23:00:03
NXT2alGoIGCuRxYavFb405qkI,Interest,BTC,0.00000241,BTC,0.00000241,$0.09,-,-,"approved / BTC Interest Earned",2021-07-26 23:00:03
NXT3UMOk0cu5KCZzdaFGQ6MqS,Interest,BTC,0.00000241,BTC,0.00000241,$0.08,-,-,"approved / BTC Interest Earned",2021-07-25 23:00:03
NXT4CqY3hs8rxYuUskGKc4P8o,Interest,BTC,0.00000241,BTC,0.00000241,$0.08,-,-,"approved / BTC Interest Earned",2021-07-24 23:00:03
NXT2ZFVAVxTIF5wrUI79Aj5zG,Interest,BTC,0.00000241,BTC,0.00000241,$0.08,-,-,"approved / BTC Interest Earned",2021-07-23 23:00:03
NXT63iBcbn7aFjP7ntMcqFM97,Interest,BTC,0.00000241,BTC,0.00000241,$0.08,-,-,"approved / BTC Interest Earned",2021-07-22 23:00:04
NXT6HEibxLFZa3w7q4AQIKUT3,Interest,BTC,0.00000241,BTC,0.00000241,$0.08,-,-,"approved / BTC Interest Earned",2021-07-21 23:00:03
NXT4IXj4wNpRqnDNUCeXr4D8N,Interest,BTC,0.00000241,BTC,0.00000241,$0.07,-,-,"approved / BTC Interest Earned",2021-07-20 23:00:03
NXT4wll4MYfhVBAE9e7EVKMsp,Interest,BTC,0.00000241,BTC,0.00000241,$0.07,-,-,"approved / BTC Interest Earned",2021-07-19 23:00:03
NXT7hdP0GxdcjSSkbQ1gsicZ2,Interest,BTC,0.00000241,BTC,0.00000241,$0.08,-,-,"approved / BTC Interest Earned",2021-07-18 23:00:03
NXT4IdE094kjPZiwSIxonNKBs,Interest,BTC,0.00000241,BTC,0.00000241,$0.08,-,-,"approved / BTC Interest Earned",2021-07-17 23:00:03
NXT65tHVh4rUG8Pt7chbqK30G,Interest,BTC,0.00000241,BTC,0.00000241,$0.08,-,-,"approved / BTC Interest Earned",2021-07-16 23:00:04
NXT2yGMbik3EFnSSY88gTylpC,Interest,BTC,0.00000241,BTC,0.00000241,$0.08,-,-,"approved / BTC Interest Earned",2021-07-15 23:00:04
NXT7Ro9O0HGiD4fg1nP6QL30g,Interest,BTC,0.00000241,BTC,0.00000241,$0.08,-,-,"approved / BTC Interest Earned",2021-07-14 23:00:03
NXT27sdlsbugN6Y0nl0aaLd2O,Interest,BTC,0.00000241,BTC,0.00000241,$0.08,-,-,"approved / BTC Interest Earned",2021-07-13 23:00:03
NXT3W3wPme8R14qqBRMAIVxF7,Interest,BTC,0.00000241,BTC,0.00000241,$0.08,-,-,"approved / BTC Interest Earned",2021-07-12 23:00:03
NXTbLpO2P6IW9wGV2h62pYG8,Interest,BTC,0.00000241,BTC,0.00000241,$0.08,-,-,"approved / BTC Interest Earned",2021-07-11 23:00:03
NXTFyHvYrfaMUYa0X249GKy0,Interest,BTC,0.00000241,BTC,0.00000241,$0.08,-,-,"approved / BTC Interest Earned",2021-07-10 23:00:03
NXTCSJB4EWZhPN0a3186Svg4,Interest,BTC,0.00000241,BTC,0.00000241,$0.08,-,-,"approved / BTC Interest Earned",2021-07-09 23:00:03
NXT1x2BBwmCUP5IVnIkEZclKB,Interest,BTC,0.00000241,BTC,0.00000241,$0.08,-,-,"approved / BTC Interest Earned",2021-07-08 23:00:03
NXT5vHpxr4XFYUYOBtaY0q6GH,Interest,BTC,0.00000241,BTC,0.00000241,$0.08,-,-,"approved / BTC Interest Earned",2021-07-07 23:00:03
NXT6ZRq5EXLazBdIiSoZOUWVd,Interest,BTC,0.00000241,BTC,0.00000241,$0.08,-,-,"approved / BTC Interest Earned",2021-07-06 23:00:03
NXT2oqbjtWPGkcI2kH6NmShQb,Interest,BTC,0.00000241,BTC,0.00000241,$0.08,-,-,"approved / BTC Interest Earned",2021-07-05 23:00:03
NXT1Zm693AGFJRxTzCuWtK7jz,Interest,BTC,0.00000240,BTC,0.00000240,$0.08,-,-,"approved / BTC Interest Earned",2021-07-04 23:00:04
NXT5wIEmPz59LAik1S958CHiv,Interest,BTC,0.00000240,BTC,0.00000240,$0.08,-,-,"approved / BTC Interest Earned",2021-07-03 23:00:03
NXT78In8LItIhLb9O8a9HWno1,Interest,BTC,0.00000240,BTC,0.00000240,$0.08,-,-,"approved / BTC Interest Earned",2021-07-02 23:00:03
NXTL48DuLvMioE8WgemwqlBZ,Interest,BTC,0.00000240,BTC,0.00000240,$0.08,-,-,"approved / BTC Interest Earned",2021-07-01 23:00:04
NXT2QeooYbp24SSrgCwi0Kk9x,Interest,BTC,0.00000240,BTC,0.00000240,$0.08,-,-,"approved / BTC Interest Earned",2021-06-30 23:00:03
NXT168Jh6WftLFEw23pxu97C6,Interest,BTC,0.00000240,BTC,0.00000240,$0.09,-,-,"approved / BTC Interest Earned",2021-06-29 23:00:03
NXT6f6MKvc2xhtiwqLX49hsdo,Interest,BTC,0.00000240,BTC,0.00000240,$0.08,-,-,"approved / BTC Interest Earned",2021-06-28 23:00:03
NXT7A200GnsIYmRL7iGrr7Yh0,Interest,BTC,0.00000240,BTC,0.00000240,$0.08,-,-,"approved / BTC Interest Earned",2021-06-27 23:00:03
NXT3AKEPXChxNck58JyWcbFjH,Interest,BTC,0.00000240,BTC,0.00000240,$0.08,-,-,"approved / BTC Interest Earned",2021-06-26 23:00:03
NXT38rEChOceo3pJPuxALB8Qb,Interest,BTC,0.00000240,BTC,0.00000240,$0.08,-,-,"approved / BTC Interest Earned",2021-06-25 23:00:03
NXT6HRn61UKZlkkgbw8EH74LT,Interest,BTC,0.00000240,BTC,0.00000240,$0.08,-,-,"approved / BTC Interest Earned",2021-06-24 23:00:03
NXT1O86xhZYLVnvfdEbBi9H1r,Interest,BTC,0.00000240,BTC,0.00000240,$0.08,-,-,"approved / BTC Interest Earned",2021-06-23 23:00:03
NXT4BTSsMZ8LrTspbtfOTU0om,Interest,BTC,0.00000240,BTC,0.00000240,$0.08,-,-,"approved / BTC Interest Earned",2021-06-22 23:00:03
NXTdPM4j1NxydNkRwiWNN4xJ,Interest,BTC,0.00000240,BTC,0.00000240,$0.08,-,-,"approved / BTC Interest Earned",2021-06-21 23:00:02
NXT4GIGgx5cFoOhfc8E40VERL,Interest,BTC,0.00000240,BTC,0.00000240,$0.09,-,-,"approved / BTC Interest Earned",2021-06-20 23:00:02
NXT1KiCRUJyUWRRpNufreUvqL,Interest,BTC,0.00000240,BTC,0.00000240,$0.09,-,-,"approved / BTC Interest Earned",2021-06-19 23:00:03
NXT1KJdcTGdVDKQ61OgVhEzSW,Interest,BTC,0.00000240,BTC,0.00000240,$0.09,-,-,"approved / BTC Interest Earned",2021-06-18 23:00:02
NXT2daKa8XMAjVXtQ8bNrJ2dy,Interest,BTC,0.00000254,BTC,0.00000254,$0.10,-,-,"approved / BTC Interest Earned",2021-06-17 23:00:03
NXT1rxmcqxxVxIrapSUscCo0v,Interest,BTC,0.00000240,BTC,0.00000240,$0.09,-,-,"approved / BTC Interest Earned",2021-06-16 23:00:02
NXT1K2hRwi2jJta72kY1YjFmb,Interest,BTC,0.00000254,BTC,0.00000254,$0.10,-,-,"approved / BTC Interest Earned",2021-06-15 23:00:03
NXT77obUHKfXcfS1TbnAZ8epy,Interest,BTC,0.00000254,BTC,0.00000254,$0.10,-,-,"approved / BTC Interest Earned",2021-06-14 23:00:02
NXT1qTurBTdJDLxGRt3AMN32f,Interest,BTC,0.00000254,BTC,0.00000254,$0.10,-,-,"approved / BTC Interest Earned",2021-06-13 23:00:03
NXT3G5oGd62C3YAhEQwjigAjg,Interest,BTC,0.00000254,BTC,0.00000254,$0.09,-,-,"approved / BTC Interest Earned",2021-06-12 23:00:03
NXT4ufwXy4dVzsiQozhU82L0c,Interest,BTC,0.00000254,BTC,0.00000254,$0.09,-,-,"approved / BTC Interest Earned",2021-06-11 23:00:02
NXT60INypcHpj0tRW6Hkksn5D,Interest,BTC,0.00000254,BTC,0.00000254,$0.09,-,-,"approved / BTC Interest Earned",2021-06-10 23:00:02
NXT4RUrlKlkuuo9ItFkBcqe4q,Interest,BTC,0.00000254,BTC,0.00000254,$0.09,-,-,"approved / BTC Interest Earned",2021-06-09 23:00:02
NXTKkYstCTRqhj2APu9878ZK,Interest,BTC,0.00000254,BTC,0.00000254,$0.09,-,-,"approved / BTC Interest Earned",2021-06-08 23:00:02
NXT5uMEcdyNsye7zpMsdF2kR,Interest,BTC,0.00000254,BTC,0.00000254,$0.09,-,-,"approved / BTC Interest Earned",2021-06-07 23:00:02
NXT6SAt8NzFM9S4DJiGnKliPC,Interest,BTC,0.00000254,BTC,0.00000254,$0.09,-,-,"approved / BTC Interest Earned",2021-06-06 23:00:03
NXT3wWYvzlRIMYJYOXNSHCa7F,Interest,BTC,0.00000253,BTC,0.00000253,$0.09,-,-,"approved / BTC Interest Earned",2021-06-05 23:00:03
NXT6NITibiavTpKWbwbpj8etJ,Interest,BTC,0.00000253,BTC,0.00000253,$0.09,-,-,"approved / BTC Interest Earned",2021-06-04 23:00:02
NXT4jMKI4i5zQmjqJcUdljPBo,Interest,BTC,0.00000253,BTC,0.00000253,$0.10,-,-,"approved / BTC Interest Earned",2021-06-03 23:00:03
NXT73BEyp3l1hkYZUZdu65Tr6,Interest,BTC,0.00000253,BTC,0.00000253,$0.10,-,-,"approved / BTC Interest Earned",2021-06-02 23:00:03
NXT3gcMvm35vMNDYd7j6ZgKKQ,Interest,BTC,0.00000253,BTC,0.00000253,$0.09,-,-,"approved / BTC Interest Earned",2021-06-01 23:00:03
NXT49HyUEjE3WlAApe6wyTdPv,Interest,BTC,0.00000253,BTC,0.00000253,$0.09,-,-,"approved / BTC Interest Earned",2021-05-31 23:00:03
NXT1zgAk8AfV79yZE0NjKgS6z,Interest,BTC,0.00000253,BTC,0.00000253,$0.09,-,-,"approved / BTC Interest Earned",2021-05-30 23:00:03
NXT38t87qIDGL2mdAKmZTedaS,Interest,BTC,0.00000253,BTC,0.00000253,$0.09,-,-,"approved / BTC Interest Earned",2021-05-29 23:00:02
NXT4D2fqVvM87ILA3S4FP6DIn,Interest,BTC,0.00000253,BTC,0.00000253,$0.09,-,-,"approved / BTC Interest Earned",2021-05-28 23:00:03
NXT4DGFbf0iviBaFt9JuHAxfQ,Interest,BTC,0.00000253,BTC,0.00000253,$0.10,-,-,"approved / BTC Interest Earned",2021-05-27 23:00:03
NXT2lTb3zIkpaWfSyQPRLFNUy,Interest,BTC,0.00000253,BTC,0.00000253,$0.10,-,-,"approved / BTC Interest Earned",2021-05-26 23:00:03
NXTy8Ut2o7atS5qag7nJE38i,Interest,BTC,0.00000253,BTC,0.00000253,$0.10,-,-,"approved / BTC Interest Earned",2021-05-25 23:00:03
NXT73uRTtHWeIVXBxezpY6O5x,Interest,BTC,0.00000253,BTC,0.00000253,$0.10,-,-,"approved / BTC Interest Earned",2021-05-24 23:00:03
NXT5Mr5bcMFuM0YlHJlDuWgNb,Interest,BTC,0.00000239,BTC,0.00000239,$0.08,-,-,"approved / BTC Interest Earned",2021-05-23 23:00:03
NXT5aKuVt6xs4yUm3efhboEPw,Interest,BTC,0.00000253,BTC,0.00000253,$0.10,-,-,"approved / BTC Interest Earned",2021-05-22 23:00:02
NXT36rDxRAyV81z8kGzaWQnYi,Interest,BTC,0.00000253,BTC,0.00000253,$0.09,-,-,"approved / BTC Interest Earned",2021-05-21 23:00:03
NXT5rpq25b4IA7tj8KcqWeR4,Interest,BTC,0.00000253,BTC,0.00000253,$0.10,-,-,"approved / BTC Interest Earned",2021-05-20 23:00:02
NXT4zMGefOTBQ7DlxkOQEtvMh,Interest,BTC,0.00000253,BTC,0.00000253,$0.10,-,-,"approved / BTC Interest Earned",2021-05-19 23:00:02
NXT5mEM0Jlbqc7WztR3Gpo7D2,Interest,BTC,0.00000253,BTC,0.00000253,$0.11,-,-,"approved / BTC Interest Earned",2021-05-18 23:00:03
NXT7kFBJm7EnBpbAM7nYPIHun,Interest,BTC,0.00000253,BTC,0.00000253,$0.11,-,-,"approved / BTC Interest Earned",2021-05-17 23:00:03
NXT3BV6gsFxgFwK5993ytQJfC,Interest,BTC,0.00000253,BTC,0.00000253,$0.12,-,-,"approved / BTC Interest Earned",2021-05-16 23:00:03
NXT709mbQ9zi9XPMEigns43BP,Interest,BTC,0.00000253,BTC,0.00000253,$0.12,-,-,"approved / BTC Interest Earned",2021-05-15 23:00:03
NXT1O6a4bql7DfbwX4kWVTgyr,Interest,BTC,0.00000253,BTC,0.00000253,$0.13,-,-,"approved / BTC Interest Earned",2021-05-14 23:00:03
NXT2ZVkURVZ9GybM1EbkJifYM,Interest,BTC,0.00000253,BTC,0.00000253,$0.12,-,-,"approved / BTC Interest Earned",2021-05-13 23:00:02
NXT56Z9QNJCkyEdZ89cdGxmwb,Interest,BTC,0.00000253,BTC,0.00000253,$0.13,-,-,"approved / BTC Interest Earned",2021-05-12 23:00:03
NXT4RCV5AsRUiO73VtDf61AIz,Interest,BTC,0.00000253,BTC,0.00000253,$0.14,-,-,"approved / BTC Interest Earned",2021-05-11 23:00:03
NXTVqm3DD1kBi4LFMNNliSh7,Interest,BTC,0.00000253,BTC,0.00000253,$0.14,-,-,"approved / BTC Interest Earned",2021-05-10 23:00:03
NXT3GzspU1tlv1jYU4cl9uc2R,Interest,BTC,0.00000253,BTC,0.00000253,$0.15,-,-,"approved / BTC Interest Earned",2021-05-09 23:00:03
NXT5w4HcW0mOmrFgqwWyUsmkk,Interest,BTC,0.00000253,BTC,0.00000253,$0.15,-,-,"approved / BTC Interest Earned",2021-05-08 23:00:03
NXT16CsGh5OFlWrFxTmgg7lr3,Interest,BTC,0.00000253,BTC,0.00000253,$0.14,-,-,"approved / BTC Interest Earned",2021-05-07 23:00:02
NXT7KYJfgUtIBC5SdortlraQC,Interest,BTC,0.00000253,BTC,0.00000253,$0.14,-,-,"approved / BTC Interest Earned",2021-05-06 23:00:02
NXT4OyTZYDRsPJKLg36FUZrQn,Interest,BTC,0.00000253,BTC,0.00000253,$0.14,-,-,"approved / BTC Interest Earned",2021-05-05 23:00:03
NXT6wMULY5WF2i80AHjfYQxOP,Interest,BTC,0.00000253,BTC,0.00000253,$0.14,-,-,"approved / BTC Interest Earned",2021-05-04 23:00:03
NXT1tDkJQ7u5V0QDjxtv2t7Tr,Interest,BTC,0.00000252,BTC,0.00000252,$0.14,-,-,"approved / BTC Interest Earned",2021-05-03 23:00:03
NXT46aVRDZh2woTOe8ZQDHjea,Interest,BTC,0.00000252,BTC,0.00000252,$0.14,-,-,"approved / BTC Interest Earned",2021-05-02 23:00:02
NXT55JlUQGAUVTi9nl2AStrZ4,Interest,BTC,0.00000252,BTC,0.00000252,$0.15,-,-,"approved / BTC Interest Earned",2021-05-01 23:00:03
NXT2bnpbCEyN3GcopjiwoRBT0,Interest,BTC,0.00000252,BTC,0.00000252,$0.14,-,-,"approved / BTC Interest Earned",2021-04-30 23:00:02
NXT29KvKIelPix73q0JJUl4LH,Interest,BTC,0.00000252,BTC,0.00000252,$0.13,-,-,"approved / BTC Interest Earned",2021-04-29 23:00:03
NXT1DLDZ2bJKDBFnU9EGmrwB6,Interest,BTC,0.00000252,BTC,0.00000252,$0.14,-,-,"approved / BTC Interest Earned",2021-04-28 23:00:03
NXT2acZyNTKr6HGeEZxIb1mSC,Interest,BTC,0.00000252,BTC,0.00000252,$0.14,-,-,"approved / BTC Interest Earned",2021-04-27 23:00:02
NXT2IGdM1xqQvqiv6ZnzMdy7s,Interest,BTC,0.00000252,BTC,0.00000252,$0.14,-,-,"approved / BTC Interest Earned",2021-04-26 23:00:03
NXT2FLDrGY2igxXCfiIcme6FY,Interest,BTC,0.00000252,BTC,0.00000252,$0.12,-,-,"approved / BTC Interest Earned",2021-04-25 23:00:03
NXT4co95ELbA53YdKLT712JjZ,Interest,BTC,0.00000252,BTC,0.00000252,$0.13,-,-,"approved / BTC Interest Earned",2021-04-24 23:00:02
NXT4A67d8uB6Czybt574IQQ31,Interest,BTC,0.00000252,BTC,0.00000252,$0.13,-,-,"approved / BTC Interest Earned",2021-04-23 23:00:03
NXT3oPuKeSRQLDXcvRbRM7HTw,Interest,BTC,0.00000252,BTC,0.00000252,$0.13,-,-,"approved / BTC Interest Earned",2021-04-22 23:00:02
NXT68Z4Bc0dh4JL9cV3s7izPe,Interest,BTC,0.00000252,BTC,0.00000252,$0.14,-,-,"approved / BTC Interest Earned",2021-04-21 23:00:03
NXTbi7V5wrtxBhAGK5gg8NOv,Interest,BTC,0.00000252,BTC,0.00000252,$0.14,-,-,"approved / BTC Interest Earned",2021-04-20 23:00:03
NXT1vYBUE3uVSJbUJvyqKmwX2,Interest,BTC,0.00000252,BTC,0.00000252,$0.14,-,-,"approved / BTC Interest Earned",2021-04-19 23:00:02
NXT6b4OzmkIL3bzzvF2IEpBX3,Interest,BTC,0.00000252,BTC,0.00000252,$0.14,-,-,"approved / BTC Interest Earned",2021-04-18 23:00:02
NXT4KE8j6iJOMT1H2QtQbWayx,Interest,BTC,0.00000252,BTC,0.00000252,$0.15,-,-,"approved / BTC Interest Earned",2021-04-17 23:00:02
NXT2EFUQ1a82TPQegvjJOKFgQ,Interest,BTC,0.00000252,BTC,0.00000252,$0.16,-,-,"approved / BTC Interest Earned",2021-04-16 23:00:03
NXT2A05c3zIwusbdTGyjLkBqo,Interest,BTC,0.00000252,BTC,0.00000252,$0.16,-,-,"approved / BTC Interest Earned",2021-04-15 23:00:02
NXT34NHPvErHkvHnSCgiaeajb,Interest,BTC,0.00000252,BTC,0.00000252,$0.16,-,-,"approved / BTC Interest Earned",2021-04-14 23:00:03
NXT1glrxTg4APKo8YhuM3DGXE,Interest,BTC,0.00000252,BTC,0.00000252,$0.16,-,-,"approved / BTC Interest Earned",2021-04-13 23:00:03
NXT4avWvTr9hzOpmdd2h8Q7MO,Interest,BTC,0.00000252,BTC,0.00000252,$0.15,-,-,"approved / BTC Interest Earned",2021-04-12 23:00:03
NXT1bqXkvsetgriLBsyB320Cu,Interest,BTC,0.00000252,BTC,0.00000252,$0.15,-,-,"approved / BTC Interest Earned",2021-04-11 23:00:03
NXT5ctJA802OThGfLVQBcTWEC,Interest,BTC,0.00000252,BTC,0.00000252,$0.15,-,-,"approved / BTC Interest Earned",2021-04-10 23:00:03
NXT6O8JCfBOE6Mc1Z5B8mPTlK,Interest,BTC,0.00000252,BTC,0.00000252,$0.15,-,-,"approved / BTC Interest Earned",2021-04-09 23:00:03
NXT2PDQlPeQ80yls7zXmFNSOC,Interest,BTC,0.00000252,BTC,0.00000252,$0.15,-,-,"approved / BTC Interest Earned",2021-04-08 23:00:03
NXT40dBvUVArWXz1Fi7xsnDyO,Interest,BTC,0.00000252,BTC,0.00000252,$0.14,-,-,"approved / BTC Interest Earned",2021-04-07 23:00:03
NXT6pn4jYu8DrlQIa8SPCJOZl,Interest,BTC,0.00000252,BTC,0.00000252,$0.15,-,-,"approved / BTC Interest Earned",2021-04-06 23:00:03
NXT3bwkhjiR2kXGtxrWO6jaFe,Interest,BTC,0.00000252,BTC,0.00000252,$0.15,-,-,"approved / BTC Interest Earned",2021-04-05 23:00:03
NXTQ20l4QOpd3u28BNEHEPYn,Interest,BTC,0.00000252,BTC,0.00000252,$0.15,-,-,"approved / BTC Interest Earned",2021-04-04 23:00:03
NXT18ByKxv3UpMacvWd8B1fm1,Interest,BTC,0.00000252,BTC,0.00000252,$0.15,-,-,"approved / BTC Interest Earned",2021-04-03 23:00:03
NXT4rEyf5dHuEWpp99ZI3EfmT,Interest,BTC,0.00000252,BTC,0.00000252,$0.15,-,-,"approved / BTC Interest Earned",2021-04-02 23:00:03
NXT3oNhrxo5L0ZOenbaoh4WvS,Interest,BTC,0.00000252,BTC,0.00000252,$0.15,-,-,"approved / BTC Interest Earned",2021-04-01 23:00:03
NXT7kZQtTgG2BEMi9EcRy3KG0,Interest,BTC,0.00000251,BTC,0.00000251,$0.15,-,-,"approved / BTC Interest Earned",2021-03-31 23:00:02
NXT58nx0LF2fi8Vb2ww9HsopL,Interest,BTC,0.00000251,BTC,0.00000251,$0.15,-,-,"approved / BTC Interest Earned",2021-03-30 23:00:02
NXT7DVvn5egTZJ0n2EOnAw3NM,Interest,BTC,0.00000251,BTC,0.00000251,$0.15,-,-,"approved / BTC Interest Earned",2021-03-29 23:00:03
NXT61MC1k0ovqBRigg43pwSGk,Interest,BTC,0.00000251,BTC,0.00000251,$0.14,-,-,"approved / BTC Interest Earned",2021-03-28 23:00:03
NXT61t2TJj6Go9NcADPf81pio,Interest,BTC,0.00000251,BTC,0.00000251,$0.14,-,-,"approved / BTC Interest Earned",2021-03-28 00:00:03
NXT5oiIiwdcLzFO9d6pQOTze9,Interest,BTC,0.00000251,BTC,0.00000251,$0.14,-,-,"approved / BTC Interest Earned",2021-03-27 00:00:02
NXT2zzsmRPtiWaYgxacOnvRhj,Interest,BTC,0.00000251,BTC,0.00000251,$0.13,-,-,"approved / BTC Interest Earned",2021-03-26 00:00:03
NXT62beKQVn2AWuinCVipDI96,Interest,BTC,0.00000251,BTC,0.00000251,$0.13,-,-,"approved / BTC Interest Earned",2021-03-25 00:00:02
NXT19JjpACEwgMuWN9kBLTPv9,Interest,BTC,0.00000251,BTC,0.00000251,$0.14,-,-,"approved / BTC Interest Earned",2021-03-24 00:00:02
NXT3XBb9VtbVtRgWakRKCK7I7,Interest,BTC,0.00000251,BTC,0.00000251,$0.14,-,-,"approved / BTC Interest Earned",2021-03-23 00:00:03
NXT2oLqVzJLwkYsBkzQJZYQNo,Interest,BTC,0.00000251,BTC,0.00000251,$0.14,-,-,"approved / BTC Interest Earned",2021-03-22 00:00:03
NXT58uvO3R8wUEdYSJMc19n4i,Interest,BTC,0.00000251,BTC,0.00000251,$0.15,-,-,"approved / BTC Interest Earned",2021-03-21 00:00:03
NXT4Vr085zNU4RDps5Tmm0OKf,Interest,BTC,0.00000251,BTC,0.00000251,$0.15,-,-,"approved / BTC Interest Earned",2021-03-20 00:00:03
NXT2UCifkcHO9Sirft0zD8wGq,Interest,BTC,0.00000251,BTC,0.00000251,$0.15,-,-,"approved / BTC Interest Earned",2021-03-19 00:00:03
NXT6aAKH0XRIvnI5xDjJ57Fmy,Interest,BTC,0.00000251,BTC,0.00000251,$0.15,-,-,"approved / BTC Interest Earned",2021-03-18 00:00:03
NXT2fPSzJPjPFwcx0hzt1C3iL,Interest,BTC,0.00000251,BTC,0.00000251,$0.14,-,-,"approved / BTC Interest Earned",2021-03-17 00:00:03
NXT1HRSDLXobCeoAKYPiw82QC,Interest,BTC,0.00000251,BTC,0.00000251,$0.14,-,-,"approved / BTC Interest Earned",2021-03-16 00:00:03
NXT6ddodWPSCGe371ldN0ODiE,Interest,BTC,0.00000251,BTC,0.00000251,$0.15,-,-,"approved / BTC Interest Earned",2021-03-15 00:00:03
NXT79X7eMmYnd1eCMyi86iqz0,Interest,BTC,0.00000251,BTC,0.00000251,$0.15,-,-,"approved / BTC Interest Earned",2021-03-14 00:00:03
NXT1Aw04WcBWt8Au0E19ZyAP5,Interest,BTC,0.00000251,BTC,0.00000251,$0.14,-,-,"approved / BTC Interest Earned",2021-03-13 00:00:03
NXTj1DI094LskH7p4dZJk8xt,Interest,BTC,0.00000251,BTC,0.00000251,$0.15,-,-,"approved / BTC Interest Earned",2021-03-12 00:00:03
NXT5r8sI7tAcf6O8eIk513MPZ,Interest,BTC,0.00000251,BTC,0.00000251,$0.14,-,-,"approved / BTC Interest Earned",2021-03-11 00:00:03
NXT5WejcFEJJOz3sVMLxfRCxm,Interest,BTC,0.00000251,BTC,0.00000251,$0.14,-,-,"approved / BTC Interest Earned",2021-03-10 00:00:02
NXT6fjrtxZMBx608Elv6mHGfa,Interest,BTC,0.00000251,BTC,0.00000251,$0.13,-,-,"approved / BTC Interest Earned",2021-03-09 00:00:03
NXT1lxEyclb21WQbWnHykZ0eY,Interest,BTC,0.00000251,BTC,0.00000251,$0.13,-,-,"approved / BTC Interest Earned",2021-03-08 00:00:03
NXT6LUY5TI5LZrfqq8ffBkDhl,Interest,BTC,0.00000251,BTC,0.00000251,$0.12,-,-,"approved / BTC Interest Earned",2021-03-07 00:00:03
NXT3Lo6nlyJB6utALCT3QUWFr,Interest,BTC,0.00000251,BTC,0.00000251,$0.12,-,-,"approved / BTC Interest Earned",2021-03-06 00:00:03
NXT35TnqYaamKWJ3Ou8znpYlV,Top up Crypto,BTC,0.02082902,BTC,0.02082902,$1010.54,-,-,"approved / 603725f6caf57a20f5f1e41bc9f9a9419046f79a995237e85cb106850d534c1c",2021-03-04 23:57:32
NXT49UQqgDera1CNwJyMhuDbS,Exchange,BTC,-0.03201615,USDC,1532.89340617,$1532.89,-,-,"approved / Exchange Bitcoin to USD Coin",2021-03-01 13:45:33
NXT6pARR9C3VeLKLVknAFoqqe,Top up Crypto,BTC,0.02159539,BTC,0.02159539,$997.56,-,-,"approved / 74bf7f529beb90cc0ca01ae279db038bc9b0e92f1e1efa654f0ac8fd4b5a9fa1",2021-03-01 07:22:27
NXT6R06Of1rubOXaCnIXfTelW,Top up Crypto,BTC,0.01042076,BTC,0.01042076,$481.37,-,-,"approved / eec5b2c2e96b2b54df73a6ca47c8abd359a6a69f0ab079869196c0ac66a2a353",2021-03-01 07:20:31
